"CoVIC ID","Isotype","Epitope Community (RBD)","D614","D614G","RBD","NTD","B.1.351","IC50- Pseudovirus neutralization (ng/mL)","IC80- Pseudovirus neutralization (ng/mL)","IC90- Pseudovirus neutralization (ng/mL)","IC50 (WA-1)- Authentic virus neutralization (ng/mL)","IC80 (WA-1)- Authentic virus neutralization (ng/mL)","IC90 (WA-1)- Authentic virus neutralization (ng/mL)","IC50 (B.1.351)- Authentic virus neutralization (ng/mL)","IC80 (B.1.351)- Authentic virus neutralization (ng/mL)","IC50- UTMB - Authentic virus neutralization (ng/mL)","IC80- UTMB - Authentic virus neutralization (ng/mL)","IC90- UTMB - Authentic virus neutralization (ng/mL)","K18 mice","hamsters","ADCP","mADCP","ADNP","mADNP","ADCD (MFI C3)","ADNKA % CD107a+","ADNKA % MIP-1b+","FcgR2aR (MFI)","FcgR3aV (MFI)","FcgR2b (MFI)","FcgR3b (MFI)","FcRn (MFI)","mFcR2 (MFI)","mFcR3 (MFI)","mFcR4 (MFI)","Spike: ACE2","Escape","Structure","Details"
"1","IgG1","3","1.63e-9","1.75e-10","0.00000146","","4.19e-8","1830","6370","14100","245","662","","","","1240","1650","1950","","","weak","moderate","weak","strong","moderate","weak","moderate","6.09","6.05","5.48","4.83","3.5","3.93","4.87","5.66","69.6","","",""
"2","IgG1","2","1.24e-10","5.16e-11","1.23e-7","","1.33e-11","1470","4010","7910","19","60","","","","303","469","605","","","strong","strong","strong","strong","moderate","moderate","moderate","6.34","6.28","6.01","6.42","5.65","5.96","5.89","6.63","100","|Y489H","",""
"3","IgG1","2","1.47e-9","8.3e-10","8.93e-7","","","2320","8360","16000","846","2766","","","","3200","6500","9840","","","weak","weak","weak","strong","weak","moderate","moderate","5.87","5.99","5","4.39","3.63","3.94","4.68","5.03","90.3","","",""
"4","IgG1","2","2.43e-10","8.05e-11","1.11e-7","","1.84e-8","709","2480","5020","179","450","","","","1490","2730","3880","","","moderate","weak","weak","strong","weak","moderate","weak","6.21","6.23","5.66","5.54","4.92","3.95","4.76","5.47","100","","",""
"5","IgG1","2","1.08e-9","8.64e-10","3.98e-7","","","853","2600","5260","433","754","","","","15700","18400","20200","","","weak","weak","weak","moderate","weak","moderate","moderate","6.05","6.08","5.36","5.14","4.56","3.94","4.77","5.14","98.2","","",""
"6","IgG1","2","5.53e-10","3.53e-10","8.71e-8","","5.98e-10","36300","74900","118000","11861","22679","","","","252","486","714","","","moderate","moderate","weak","weak","moderate","moderate","weak","6.05","5.94","5.65","5.87","4.09","4.59","5.11","5.91","99","","",""
"7","IgG1","6","1.21e-10","3.66e-11","1.72e-8","0.0000045","4.92e-9","53.8","146","261","18","33","","","","25000","25000","25000","","","moderate","moderate","moderate","moderate","weak","moderate","weak","6.09","6","5.71","5.98","4.58","4.57","4.92","6.15","100","","",""
"8","IgG1","6","6.75e-10","4.51e-10","2.36e-8","","1.34e-10","12800","26000","40900","2191","6355","","","","10200","11300","12100","","","moderate","weak","moderate","weak","weak","moderate","weak","6.34","6.28","6.01","6.38","5.35","5.49","5.22","6.41","98","","",""
"9","IgG1","2","1.65e-11","7.06e-12","2.33e-10","9.29e-8","3.63e-11","12.6","24","34.1","0.32","0.54","","3035","4766","4.83","8.61","12.1","","","weak","weak","weak","moderate","weak","moderate","weak","3.75","3.75","3.67","3.72","3.45","3.87","4.18","4.64","100","","",""
"10","IgG1","2","1.84e-11","8.3e-12","2.04e-10","8.55e-8","3.92e-11","10.1","21.2","32.7","0.32","1","","5862","15389","11.8","21.9","31.5","","","weak","weak","weak","weak","weak","weak","weak","3.78","3.74","3.7","3.71","3.46","3.86","4.26","4.24","100","","",""
"11","IgG1","2","2.35e-11","9.87e-12","2.11e-10","4.67e-8","2.81e-11","6.09","16.2","28","0.32","0.93","","137","196","17.8","26.2","32.8","","","weak","moderate","weak","moderate","weak","moderate","weak","3.86","3.77","3.74","3.69","3.45","3.89","4.09","4.16","99.4","","",""
"12","IgG1","2","1.11e-11","5.07e-12","1.64e-10","7.55e-8","4.24e-11","7.48","18.6","30.6","0.32","0.32","","2526","4536","8.62","14.3","19.3","","","weak","strong","weak","strong","weak","moderate","weak","3.67","3.75","3.62","3.71","3.45","3.88","4.14","4.2","100","","",""
"13","IgG1","2","8.95e-12","4.71e-12","1.16e-10","5.11e-8","2.42e-11","6.07","15.4","25.3","0.32","0.85","","159","627","4.75","7.05","8.88","","","weak","weak","weak","strong","weak","moderate","moderate","4.04","4.43","3.8","3.72","3.48","3.91","4.82","4.76","100","","",""
"14","IgG1","2","4.43e-11","1.1e-11","1.94e-9","0.00000114","5.3e-11","9.75","24.7","42.9","0.32","0.32","","25000","25000","0.67","1.42","2.21","","","strong","strong","strong","strong","moderate","moderate","strong","6.37","6.32","6.02","6.46","5.71","5.99","5.74","6.6","100","","",""
"15","IgG1","2","9.47e-11","4.56e-11","1.19e-8","1.19e-7","1.22e-9","32","107","223","1","10","","25000","25000","31.2","49.3","64.4","","","strong","strong","strong","strong","strong","moderate","moderate","6.38","6.33","6.04","6.45","5.74","6.08","5.86","6.63","100","","",""
"16","IgG1","2","1.57e-10","5.04e-11","5.31e-9","0.00000103","7.34e-10","44.5","180","388","10518","25000","","","","16100","85800","228000","","","moderate","weak","weak","strong","weak","moderate","moderate","6.15","6.15","5.36","3.9","5.09","3.94","4.91","5.04","100","","",""
"17","IgG1","4","5.04e-10","4.01e-10","3.46e-8","","1.81e-10","1030","3020","5630","8726","24853","","","","25000","25000","25000","","","strong","moderate","moderate","moderate","moderate","moderate","moderate","6.33","6.28","5.99","6.4","5.49","5.67","5.66","6.51","67","","",""
"18","IgG","","","","","","","","","","","","","","","","","","","","","","","","","","","","","","","","","","","","","",""
"19","IgG","","1.08e-9","1.18e-9","2.64e-8","","","39.7","140","262","433","1516","","","","25000","25000","25000","","","weak","weak","weak","moderate","weak","moderate","weak","4.07","3.8","3.83","3.73","3.45","3.93","4.75","4.54","23.7","","",""
"20","IgG1","","7.59e-10","8.13e-10","","8.15e-8","1.36e-9","72.3","587","","236","4924","","","","2590","9470","20200","","","strong","moderate","moderate","strong","strong","moderate","strong","6.09","6","5.77","6.02","4.23","4.57","5.23","6.07","9","","",""
"21","IgG1","7","5.02e-10","1.4e-9","2.08e-10","","5.25e-10","12500","46600","100000","8582","20807","","","","19900","34800","48200","","","strong","moderate","moderate","moderate","moderate","moderate","weak","6.29","6.22","5.95","6.3","5.2","5.14","5.34","6.28","11.6","","",""
"22","IgG1","6","1.08e-9","3e-9","1.04e-7","","3.68e-10","128000","379000","648000","25000","25000","","25000","25000","25000","25000","25000","","","strong","weak","moderate","weak","weak","moderate","weak","6.24","6.2","5.89","6.22","5","4.63","5.2","6.11","51.1","","",""
"23","IgG1","5","3.72e-10","5.86e-10","7.13e-8","","2e-10","14200","52100","105000","25000","25000","","25000","25000","25000","25000","25000","","","strong","moderate","moderate","weak","moderate","moderate","weak","6.27","6.22","5.93","6.27","4.82","5.04","5.09","6.27","36.3","","",""
"24","IgG1","7","1.21e-9","2.3e-9","1.46e-8","","7.49e-10","142000","","","14175","25000","","","","25000","25000","25000","","","moderate","strong","weak","weak","weak","strong","moderate","6.22","6.18","5.86","6.23","5.08","4.78","5.17","6.21","48.7","","",""
"25","IgG1","7","1.07e-9","1.9e-9","8.49e-8","","6.96e-9","324000","687000","829000","25000","25000","","","","25000","25000","25000","","","moderate","moderate","strong","moderate","weak","moderate","moderate","5.77","5.93","5.07","5.59","3.78","4.02","4.91","5.71","31.2","","",""
"26","IgG1","7","6.57e-10","1.18e-9","3.88e-8","","5.36e-9","","","","25000","25000","","","","25000","25000","25000","","","strong","weak","moderate","strong","weak","moderate","moderate","6.22","6.14","5.81","6.16","4.75","4.54","5.25","6.14","31.8","","",""
"27","IgG1","3","3.59e-9","1.42e-9","1.48e-7","","2.62e-10","8250","35200","71100","260","2457","","1173","4632","20700","32400","42200","","","strong","moderate","moderate","strong","weak","moderate","moderate","6.19","6.13","5.87","6.24","5.23","5.04","5.3","6.34","88.6","","",""
"28","IgG1","6","3.3e-10","5.22e-10","1.23e-8","","1.26e-10","512","1960","3960","190","815","","398","897","3190","4680","5850","","","strong","moderate","moderate","strong","weak","moderate","moderate","6.36","6.3","6.02","6.42","5.63","5.9","5.61","6.55","100","","",""
"29","IgG1","","4.33e-10","3.5e-10","","3.99e-7","","","","","25000","25000","","","","25000","25000","25000","","","moderate","weak","weak","strong","weak","moderate","weak","6.24","6.18","5.89","6.2","4.64","4.74","5.15","6.16","","","",""
"30","IgG1","2","3.21e-11","5.94e-12","4.1e-9","0.00000273","","8.87","26.8","50.7","2","6","","25000","25000","27.5","52.3","76.1","","","strong","strong","strong","moderate","moderate","moderate","moderate","6.36","6.3","6.02","6.45","5.72","6.06","5.53","6.59","100","E484A","",""
"31","IgG1","4","1.42e-10","8.08e-11","7.02e-8","","3.96e-10","11400","80300","233000","949","2233","","","","12100","43300","91200","","","strong","weak","moderate","moderate","moderate","moderate","moderate","6.3","6.26","5.97","6.4","5.68","6.03","5.67","6.6","99","","",""
"32","IgG1","2","5.76e-11","1.85e-11","1.76e-9","0.00000196","2.04e-10","8.66","32.3","66.4","2","8","","735","2676","61.1","144","237","","","strong","strong","strong","moderate","moderate","moderate","weak","6.39","6.32","6.05","6.46","5.72","6.08","5.68","6.61","100","|S494L","",""
"33","IgG1","","3.32e-8","1.63e-8","","0.0000048","","79400","581000","933000","18","44","","259","637","4570","6060","7140","","","strong","weak","weak","weak","weak","moderate","moderate","4.35","4.01","3.81","3.77","3.48","3.94","4.91","5.23","7.6","","",""
"34","IgG1","","2.37e-9","1.74e-9","","","3.92e-9","162","453","1050","201","19356","","","","10200","21400","33000","","","moderate","moderate","weak","weak","weak","moderate","strong","6","5.97","5.52","5.7","4.31","4.12","5.01","5.71","6.4","","",""
"35","IgG1","7","1.68e-9","1.05e-9","2.81e-9","","4.34e-10","259000","454000","662000","25000","25000","","","","25000","25000","25000","","","strong","strong","moderate","weak","weak","moderate","weak","6.21","6.2","5.9","6.25","5.33","5.21","5.31","6.22","7.1","","",""
"36","IgG1","","4.36e-9","4.96e-9","","9.51e-7","","86.2","6600","38100","4","14","","25000","25000","30.7","118","259","","","moderate","moderate","weak","weak","weak","moderate","weak","6.18","6.11","5.87","6.18","5.04","5.07","5.06","6.21","","|del68-70","",""
"37","IgG1","","1.9e-8","3.96e-8","","","","2840000","","","25000","25000","","","","25000","25000","25000","","","moderate","moderate","weak","weak","weak","moderate","weak","5.19","5.28","4.44","4.15","3.53","3.92","4.86","5.2","3.9","","",""
"38","IgG","6","1.09e-9","4.54e-10","7.05e-9","","1.4e-10","297","1310","2900","16","78","","41","123","345","716","1100","","","moderate","moderate","moderate","strong","moderate","moderate","strong","6.35","6.3","6.01","6.42","5.52","5.76","5.48","6.45","99.3","","",""
"39","IgG","2","3.12e-11","1.06e-11","1.78e-9","0.00000166","3.33e-8","7.11","20.1","35.8","0.32","0.32","","12500","12500","16.6","26.8","35.6","","","strong","strong","strong","strong","moderate","moderate","moderate","6.36","6.32","6.03","6.47","5.71","6.01","5.7","6.61","100","L452P","",""
"40","IgG","2","7.15e-11","3.82e-11","1.68e-8","","6.92e-9","248","825","1590","76","216","","25000","25000","476","1460","2800","","","strong","moderate","strong","strong","weak","moderate","moderate","6.37","6.31","6.03","6.45","5.71","6.06","5.82","6.63","100","|F490V","",""
"41","IgG1","","2.33e-10","2.49e-10","","2.75e-8","1.06e-10","6450","23200","47900","5997","25000","","","","25000","25000","25000","","","strong","weak","moderate","moderate","weak","moderate","weak","6.3","6.25","5.95","6.35","5.51","5.6","4.6","6.36","","","",""
"42","IgG1","2","4.84e-10","1.59e-10","1.1e-8","","4.47e-10","57.6","185","348","14","44","","2246","6637","781","1810","2950","","","strong","moderate","strong","moderate","moderate","moderate","moderate","6.37","6.3","6.02","6.45","5.61","5.87","5.44","6.56","98.8","","",""
"43","IgG4","2","1.94e-10","9.59e-11","2.27e-8","","1.48e-8","34.1","109","210","13","31","","1672","3234","1220","2060","2810","","","strong","weak","moderate","weak","weak","moderate","moderate","6.38","6.11","6.01","3.8","5.72","4.02","4.25","4.98","100","","",""
"44","IgG1","2","1.42e-10","1.98e-10","4.74e-8","","","53.4","163","302","5","19","","25000","25000","426","1010","1660","","","strong","moderate","moderate","moderate","weak","moderate","weak","6.3","6.24","5.98","6.4","5.61","5.94","5.57","6.53","100","","",""
"45","IgG4","2","1.7e-10","3.6e-11","3.67e-8","","","8.06","27.7","55.2","2","8","","25000","25000","104","156","198","","","moderate","weak","moderate","weak","weak","moderate","weak","6.37","6.2","6.02","3.82","5.69","4.03","4.29","5.44","100","","",""
"46","IgG1","","","2.98e-9","","","","","","","25000","25000","","","","25000","25000","25000","","","weak","moderate","weak","weak","weak","moderate","weak","4.14","3.92","3.84","3.72","3.5","3.9","4.85","5.39","6.5","","",""
"47","IgG4","","2.73e-9","3.18e-9","","","","4610","11000","18900","25000","25000","","","","25000","25000","25000","","","weak","moderate","weak","weak","weak","moderate","weak","4.54","4.86","3.98","4.25","3.69","3.92","4.85","4.63","24.4","|T588A","",""
"48","IgG1","2","4.28e-10","1.51e-10","1.22e-7","","2.19e-8","1150","3620","13300","426","1028","","","","2820","4630","6180","","","moderate","moderate","weak","weak","weak","moderate","weak","6.22","6.17","5.86","6.22","4.61","4.46","5.02","6.13","100","","",""
"49","IgG4","2","3.41e-10","1.36e-10","1.48e-7","","1.39e-8","57.4","219","506","110","256","","","","2240","9300","21400","","","moderate","moderate","moderate","weak","weak","weak","weak","6.13","5.75","5.88","3.74","5.57","3.98","4.58","4.61","100","","",""
"50","IgG1","2","4.68e-10","1.75e-10","7.87e-8","","1.89e-8","869","3110","6470","70","322","","25000","25000","4580","11100","18700","","","strong","weak","moderate","strong","weak","moderate","moderate","6.23","6.19","5.86","6.21","4.63","4.58","5.14","6.12","100","|K417E","",""
"51","IgG1","","","","","","","","","","25000","25000","","","","25000","25000","25000","","","weak","weak","weak","strong","weak","moderate","strong","4.48","3.87","3.79","3.72","3.46","3.94","4.92","4.72","13.5","","",""
"52","IgG1","2","2.47e-10","1.57e-10","1.71e-9","","6.94e-9","221","606","1080","64","187","","25000","25000","607","1490","2520","","","strong","moderate","strong","strong","moderate","moderate","moderate","6.36","6.29","6.02","6.44","5.65","5.87","5.41","6.56","95","Y489H","",""
"53","IgG1","","","","","","6e-10","189","801","1730","95","242","","249","800","5910","9090","11700","","","moderate","weak","weak","strong","weak","moderate","moderate","5.45","5.44","4.8","4.96","3.5","3.92","4.86","5.19","70","","",""
"54","","7","8.65e-10","2.44e-9","2.44e-7","","8.76e-11","37","87.4","139","6","22","","2","6","244","344","421","","","weak","weak","weak","moderate","weak","moderate","weak","4.19","3.75","3.86","3.74","3.47","3.9","4.94","4.6","99.5","|S375F,D1118H","",""
"55","IgG1","7","1.56e-10","5.8e-11","1.15e-7","","3.12e-11","13.1","38.3","70.7","13","27","","60","125","249","385","497","","","strong","moderate","moderate","strong","moderate","moderate","strong","6.37","6.28","6.01","6.42","5.59","5.74","5.53","6.45","100","","",""
"56","IgG1","7","1.13e-10","3.82e-11","9.42e-8","0.0000164","3e-11","6.36","24.3","51.7","2","7","","6","20","102","177","244","","","strong","weak","moderate","strong","weak","moderate","moderate","6.33","6.23","5.96","6.34","5.41","5.27","5.34","6.32","100","","",""
"57","","","1.36e-9","2.28e-9","2.04e-7","","1.53e-10","10.2","26.1","45.3","1","5","","3","13","51.5","121","199","","","","","","","","","","","","","","","","","","92.7","","",""
"58","IgG1","7","2.98e-9","9.59e-10","1.39e-7","","5.68e-11","4.6","13.6","24.7","5","16","","14","27","87.4","111","127","","","strong","moderate","weak","strong","weak","weak","weak","5.29","5.52","3.75","3.65","4.13","4.15","5.41","5.29","100","","",""
"59","","7","4.76e-10","1.2e-9","2.01e-7","","7.63e-11","3.7","11.8","22.5","1","1","","0.32","4","89","116","135","","","weak","weak","weak","weak","weak","moderate","weak","3.98","3.75","3.8","3.73","3.46","3.9","4.83","4.7","99.4","|S371F","",""
"60","","","","","","","","","","","0.45","2","","0.37","2","13.4","20.7","26.6","","","","","","","","","","","","","","","","","","","","",""
"61","","7","6.2e-10","1.3e-9","1.95e-7","","5.25e-11","4.96","15.8","30.8","2","5","","0.32","3","90.5","132","165","","","weak","moderate","weak","weak","weak","moderate","weak","4.04","3.78","3.78","3.7","3.46","3.91","4.9","4.86","99.5","|D442A","",""
"62","IgG1","7","2.04e-10","4.77e-11","6.38e-8","0.0000161","3.55e-11","8.46","34.5","74.3","4","8","","4","15","184","376","571","","","moderate","strong","moderate","strong","weak","moderate","moderate","6.32","6.24","5.97","6.36","5.41","5.04","5.32","6.29","100","","",""
"63","","7","4.52e-10","1.07e-9","1.85e-7","","6.04e-11","2.75","10.8","23.4","0.32","1","","0.32","0.48","16.4","36.5","58.4","","","weak","moderate","weak","weak","weak","moderate","weak","4.36","3.83","3.78","3.73","3.47","3.93","4.93","4.43","99.8","|Y508H","",""
"64","","7","7.08e-10","1.3e-9","1.69e-7","","1.34e-10","11.6","24.6","39.2","3","13","","0.32","4","62","88.4","109","","","weak","moderate","weak","weak","weak","moderate","weak","3.94","3.8","3.82","3.73","3.46","3.92","4.86","4.41","96.6","|del374,D571G","",""
"65","IgG1","7","1.01e-10","4.01e-11","5.1e-8","","2.84e-11","10.8","29.2","51.1","16","26","","18","36","250","405","537","","","moderate","weak","moderate","strong","weak","moderate","moderate","6.32","6.27","5.97","6.42","5.65","5.77","5.61","6.48","100","|K417E","",""
"66","","","5.89e-10","1.14e-9","1.4e-7","","1.29e-10","4.17","11","19.5","1","3","","0.32","4","112","310","562","","","weak","weak","weak","strong","weak","moderate","strong","4.28","4.07","3.88","3.85","3.47","3.9","4.94","4.75","100","","",""
"67","IgG1","2","1.39e-9","6.13e-10","2.85e-7","","1.81e-10","17500","42400","72600","3404","12080","","","","1990","3490","4850","","","strong","weak","moderate","strong","weak","moderate","moderate","6.19","6.13","5.77","6.15","4.77","4.67","5.22","6.22","100","","",""
"68","IgG1","2","4.3e-11","3.61e-11","2.89e-9","2.82e-7","2.05e-9","9.83","25.8","43.8","1","1","","25000","25000","59.3","87.4","110","","","strong","strong","strong","strong","moderate","moderate","strong","6.39","6.33","6.03","6.46","5.73","6.14","5.91","6.59","100","","",""
"69","IgG1","1","1.36e-9","2.2e-10","2.67e-8","","7.05e-11","6840","20200","35400","482","2470","","","","25000","25000","25000","","","strong","moderate","moderate","moderate","weak","moderate","strong","6.32","6.26","5.99","6.41","5.61","5.88","5.28","6.56","74.1","","",""
"70","","6","2.62e-9","3.79e-9","1.3e-7","","6.34e-9","606","3820","9900","4929","19977","","25000","25000","25000","25000","25000","","","weak","weak","weak","moderate","weak","weak","weak","4.21","3.9","3.89","3.75","3.48","3.93","5","4.72","86.9","","",""
"71","","6","2.51e-9","1.27e-9","1.29e-7","","5.91e-10","876","5810","18200","18221","25000","","25000","25000","25000","25000","25000","","","weak","weak","moderate","moderate","weak","moderate","moderate","4.2","3.87","3.85","5.34","3.47","3.92","5.02","4.72","90.1","","",""
"72","","2","2.8e-9","3.72e-9","3.14e-8","","5.65e-9","137","536","1110","362","898","","25000","25000","520","1010","1480","","","weak","moderate","moderate","weak","weak","moderate","moderate","4.16","3.81","3.82","3.72","3.48","3.91","4.81","4.43","98.8","","",""
"73","","2","2.85e-9","4.54e-9","2.49e-8","","6.99e-9","302","1460","3270","364","1119","","25000","25000","3130","5680","8040","","","weak","weak","weak","weak","weak","moderate","moderate","4.21","4.07","3.87","3.72","3.47","3.95","4.95","4.63","100","","",""
"74","IgG1","3","5.52e-10","2.73e-10","3.42e-8","","1.44e-10","78.2","2600","9560","78","543","","44","220","1550","3630","5960","","","strong","strong","moderate","weak","weak","moderate","strong","6.22","6.18","5.9","6.27","5.25","4.99","5.28","6.37","96.2","","",""
"75","IgG1","3","2.49e-9","1.18e-9","1.27e-7","","3.92e-10","9650","35200","760000","379","3034","","689","3668","25000","25000","25000","","","moderate","strong","moderate","weak","weak","moderate","moderate","6.13","6.1","5.8","6.2","5.09","4.88","5.15","6.25","91.3","","",""
"76","IgG1","3","3.62e-9","1.46e-9","1.77e-7","","9.63e-10","17600","110000","502000","3548","11060","","2214","10897","","25000","25000","","","moderate","moderate","moderate","weak","weak","moderate","weak","5.99","6.03","5.71","6.08","4.5","4.42","5.13","6.11","92.6","","",""
"77","IgG1","3","4.34e-9","1.79e-9","3.86e-7","","1.07e-9","24600","","","","","","","","25000","25000","25000","","","moderate","weak","moderate","strong","weak","moderate","moderate","5.83","5.82","5.25","5.54","3.5","3.94","4.89","5.53","78.3","","",""
"78","IgG1","5","7.18e-10","1.87e-10","3.93e-7","","1.35e-10","74.2","224","663","12","44","","10","33","46.1","875","4900","","","strong","weak","moderate","strong","weak","moderate","moderate","6.23","6.21","5.91","6.32","5.5","5.57","5.57","6.44","48.7","|del68-69,V70I","",""
"79","IgG1","2","8.78e-11","6.21e-11","7.45e-10","2.89e-7","3.51e-10","53.7","140","235","0.38","3","","379","747","23.8","176","568","","","strong","strong","strong","strong","moderate","moderate","moderate","6.36","6.3","6.02","6.43","5.64","5.9","5.43","6.55","99.1","","",""
"80","IgG1","3","2.18e-9","1.21e-9","1.04e-7","","5.09e-10","792","3340","7600","222","1595","","978","3872","3580","8520","14200","","","strong","moderate","moderate","strong","weak","moderate","moderate","6.17","6.18","5.88","6.27","5.45","5.36","5.37","6.37","93.7","","",""
"81","IgG1","3","1.47e-9","8.4e-10","9.88e-8","","1.52e-10","824","4140","9950","100","627","","268","736","4310","12400","23000","","","strong","moderate","moderate","moderate","weak","moderate","weak","6.19","6.13","5.85","6.24","5.28","5.16","5.26","6.3","86.8","","",""
"82","IgG1","7","1.28e-9","1.9e-9","3.61e-8","","1.02e-9","86500","","","20205","25000","","25000","25000","25000","25000","25000","","","strong","weak","weak","weak","weak","moderate","moderate","6.04","6.01","5.61","5.94","4.02","4.12","5.03","5.8","33.1","","",""
"83","","7","3.73e-10","2.14e-10","8.94e-8","","6.75e-11","1030","3200","6030","99","396","","172","503","2500","2900","3160","","","strong","weak","moderate","moderate","weak","moderate","moderate","6.3","6.22","5.94","6.28","5.04","5.1","5.29","6.26","98","","",""
"84","","7","4.33e-10","2.78e-10","9.29e-8","","6.99e-11","1570","4380","7700","49","175","","225","573","1270","2070","2750","","","strong","weak","moderate","weak","weak","moderate","moderate","6.31","6.23","5.95","6.32","5.04","5.12","5.31","6.31","96.2","|E654A","",""
"85","IgG1","3","2.59e-9","8.04e-10","1.51e-7","","2.71e-10","","","","284","786","","429","1762","9620","35900","77700","","","strong","moderate","moderate","weak","weak","moderate","moderate","6.07","6.09","5.73","6.12","4.79","4.63","5.28","6.06","93.2","","",""
"86","IgG1","3","2.16e-9","4.41e-10","1.03e-7","","3.15e-10","6150","27200","58400","25000","25000","","691","4356","16800","45800","82400","","","moderate","moderate","moderate","weak","weak","moderate","moderate","6.21","6.18","5.92","6.3","5.38","5.42","5.32","6.39","96.8","","",""
"87","IgG4","","","","","","","","","","25000","25000","","","","25000","25000","25000","","","weak","moderate","weak","weak","weak","moderate","weak","4","3.79","3.62","3.71","3.46","3.9","4.91","4.65","8.2","","",""
"88","IgG1","","","","","","","","","","","","","","","","","","","","","","","","","","","","","","","","","","","","","",""
"89","IgG1","1","1.22e-9","5.64e-10","6.73e-8","","1.49e-10","536","2130","4470","417","1117","","","","4460","21700","54600","","","weak","moderate","weak","weak","weak","moderate","moderate","6.07","6.24","5.73","5.62","5.42","3.93","4.13","5.21","60.9","","",""
"90","IgG1","2","2.93e-10","1.27e-10","1.1e-7","","1.86e-9","380","1190","2110","218","1357","","","","1890","4310","6980","","","moderate","weak","moderate","strong","weak","moderate","moderate","6.33","6.26","5.97","6.38","5.53","5.74","5.59","6.49","100","","",""
"91","IgG1","4","2.43e-10","5.69e-10","4.69e-9","0.00000446","6.46e-10","327","1660","4940","66","680","","4846","10146","25000","25000","25000","","","strong","weak","strong","strong","moderate","moderate","moderate","6.26","6.23","5.91","6.34","5.48","5.57","5.53","6.39","21.7","","",""
"92","IgG1","2","1.04e-9","5.73e-10","1.96e-7","","","208","521","918","144","368","","","","592","1030","1430","","","strong","moderate","moderate","moderate","weak","moderate","moderate","6.12","6.08","5.8","6.18","3.8","5.13","5.23","6.17","91.2","","",""
"93","IgG2","1","1.02e-10","2.7e-11","4.31e-10","6.52e-7","2.02e-11","69.3","225","407","25000","25000","","","","70.5","99.2","121","","","moderate","weak","strong","strong","weak","moderate","moderate","6.37","6.32","5.99","3.8","5.77","4.36","4.73","4.56","95.4","R685S","",""
"94","IgG1","4","1.04e-10","1.1e-10","5.62e-9","","4.35e-11","35.2","96.8","167","4","8","","2","6","88.7","138","179","","","moderate","moderate","weak","weak","weak","weak","weak","6.18","6.19","5.84","6.08","4.29","4.6","5.42","6.02","98","","",""
"95","IgG1","4","8.41e-11","4.88e-11","2.75e-8","","2.51e-10","21.2","63.8","122","0.34","1","","798","14","124","345","626","","","strong","moderate","weak","weak","weak","moderate","moderate","6.18","6.12","5.69","6.07","4.3","4.49","5.02","6.15","98.8","","",""
"96","IgG1","5","7.65e-11","5.66e-11","9.22e-8","","4.7e-11","21.3","59.4","112","0.32","6","","0.51","11","57.7","176","338","","","moderate","weak","weak","moderate","weak","moderate","strong","6.02","6.18","5.41","6.01","4.99","4.16","5.09","6.24","44.8","|G339C","",""
"97","IgG1","3","1.31e-11","6.31e-12","4.96e-9","0.00000341","1.31e-11","6.35","19.1","33.5","0.32","1","","0.32","6","82.5","141","193","","","","","","","","","","","","","","","","","","100","","",""
"98","IgG1","3","7.35e-11","6.51e-11","3.82e-9","","4.23e-11","130","416","764","18","66","","2","14","289","428","538","","","strong","moderate","weak","strong","weak","strong","moderate","6.07","6.06","5.37","6.06","4.32","4.17","5.07","6.11","98.5","","",""
"99","IgG1","2","4.03e-11","2.13e-11","2.47e-9","0.00000142","","13.8","35.8","60.1","0.32","0.32","","1605","3436","83.6","151","214","","","strong","moderate","moderate","moderate","weak","moderate","moderate","6.28","6.16","5.95","6.13","4.96","5.37","5.33","6.22","100","","",""
"100","IgG1","2","1.45e-11","8.37e-12","3.3e-9","0.00000161","1.44e-11","7.45","18.1","29.7","1","3","","9","29","18.2","29.3","38.7","","","strong","strong","moderate","moderate","weak","moderate","strong","6.28","6.13","6.05","6.19","5.07","5.56","5.21","6.27","100","","",""
"101","IgG1","4","2.99e-11","2.26e-11","3.94e-9","","2.7e-11","11.3","27.7","45.2","6","21","","9","22","97.8","227","372","","","strong","moderate","weak","moderate","weak","strong","strong","6.26","6.19","6.02","6.11","5.09","5.68","5.58","6.27","100","|S494L","",""
"102","","2","1.43e-10","6.77e-11","1.45e-9","4.98e-7","3.59e-11","5.78","15.8","27","0.32","0.32","","0.32","0.32","2.16","10.6","26.7","","","weak","weak","weak","weak","weak","weak","weak","3.84","3.91","3.64","3.33","4.22","3.8","4.63","4.25","84.3","","",""
"103","","2","8.34e-11","1.22e-10","1.62e-9","4.77e-7","5.37e-11","8.82","24.4","42.6","0.32","0.32","","0.32","0.32","21.7","42.8","63.8","","","weak","weak","weak","weak","weak","weak","weak","3.83","3.71","3.62","3.36","4.17","3.76","4.69","4.27","84.9","","",""
"104","","2","9.36e-11","8.39e-11","1.37e-9","6.74e-11","5.15e-10","16.8","26.2","33.8","0.32","0.32","","3","7","4.42","6.57","8.28","","","weak","weak","weak","weak","moderate","weak","weak","3.8","3.74","3.63","3.33","4.22","3.78","4.78","4.24","86.1","","",""
"105","IgG1","2","2.15e-11","1.26e-11","1.62e-8","","5.44e-10","335","876","1520","23","68","","25000","25000","186","195","200","","","moderate","moderate","moderate","moderate","weak","moderate","weak","6.27","6.19","6.01","6.14","4.36","5.63","5.38","6.25","100","Q493H,R685S","",""
"106","IgG1","2","1.3e-11","6.62e-12","9.24e-10","2.79e-7","3.66e-10","6.85","18.4","31.3","0.32","2","","864","2686","1.34","2.12","2.78","","","moderate","strong","moderate","weak","weak","weak","weak","6.3","6.14","5.99","6.19","4.82","5.55","5.42","6.25","100","|S494L","",""
"107","IgG1","2","2.23e-11","1e-11","9.39e-10","2.26e-7","3.61e-10","8.2","28.9","54","0.32","1","","302","889","20.2","27.8","33.6","","","strong","strong","moderate","moderate","weak","moderate","moderate","6.31","6.22","6.07","6.18","5.19","5.62","5.41","6.27","100","|E406D,S494P","",""
"108","IgG1","2","2.28e-11","1.09e-11","1.04e-9","3.6e-7","4.66e-10","12.3","35.1","62.6","2","5","","4915","25000","25.5","47","67.3","","","strong","strong","moderate","strong","weak","moderate","moderate","6.3","6.18","6.02","6.22","5.08","5.66","5.28","6.26","100","R685S","",""
"109","IgG1","2","1.63e-11","1.06e-11","5.8e-10","1.96e-7","3.86e-10","14.5","32.5","51.4","1","1","","5666","18558","18.8","25.8","31","","","strong","strong","moderate","strong","weak","moderate","strong","6.27","6.16","5.99","6.1","4.65","5.41","5.22","6.25","100","","",""
"110","IgG1","2","2.26e-11","7.08e-12","1.53e-9","7.53e-7","6.18e-10","18","49.5","88.6","2","6","","19149","25000","19.1","39.7","61","","","strong","moderate","moderate","strong","weak","strong","strong","6.3","6.23","6.09","6.18","5.06","5.58","5.3","6.28","100","","",""
"111","IgG1","2","2.02e-11","1.01e-11","1.39e-9","3.84e-7","3.94e-10","17.3","44","74.2","15","31","","16200","25000","67.1","87.5","102","","","strong","moderate","moderate","strong","weak","strong","strong","6.29","6.2","6.07","6.19","5.01","5.6","5.5","6.29","100","","",""
"112","IgG1","2","1.78e-11","9.16e-12","3.46e-10","1.23e-7","3.09e-10","10.1","26.4","44.2","3","14","","8465","23584","25.3","37.7","47.6","","","moderate","strong","moderate","strong","weak","strong","strong","6.25","6.18","6.01","6.12","4.88","5.5","5.38","6.27","100","|S494L","",""
"113","IgG1","7","3.71e-10","2.5e-10","1.37e-9","","1.48e-10","9750","30300","54300","1846","6065","","","","25000","25000","25000","","","moderate","moderate","weak","strong","weak","moderate","moderate","6.06","6.11","5.48","6.03","4.35","4.54","4.12","6.09","27.2","","",""
"114","IgG1","7","3.53e-10","2.21e-10","6.2e-10","7.49e-8","1.25e-10","2660","8580","15700","120","1435","","","","25000","25000","25000","","","moderate","moderate","moderate","moderate","weak","moderate","moderate","6","6.01","5.28","5.98","4.26","4.28","4.85","6.05","31.1","","",""
"115","IgG1","7","3.79e-10","2.43e-10","8.54e-10","3.57e-7","2.19e-10","3410","11600","21200","965","2939","","","","13200","27800","43000","","","moderate","moderate","moderate","strong","weak","moderate","moderate","6.05","6.06","5.27","6","4.28","4.45","4.83","6.07","34.5","","",""
"116","IgG1","5","9.11e-11","5.41e-11","1.03e-8","","3.47e-11","9.43","27","47.4","2","5","","0.32","0.32","52.6","77.7","97.6","","","moderate","moderate","strong","strong","weak","weak","moderate","6.03","5.87","5.47","5.9","4.25","4.37","4.92","6.03","29.2","|G339F","",""
"117","IgG1","4","1.29e-11","6.38e-12","9.06e-10","2.88e-7","3.53e-11","7.32","16.9","27.3","2","7","","0.5","16","12.9","15.1","16.6","","","moderate","weak","moderate","weak","moderate","strong","moderate","6.35","6.21","6.23","6.14","6.48","6.06","5.66","6.33","64.6","","",""
"118","IgG1","","","","","","","173","415","710","63","173","","542","1823","224","387","532","","","moderate","strong","moderate","weak","weak","moderate","moderate","6.31","6.12","6.15","6.18","5.28","5.88","5.8","6.32","100","S371F","",""
"119","","7","1.16e-9","4.52e-10","1.79e-7","","5.71e-11","2.69","8.7","16.5","0.32","3","","0.32","4","17.1","22.8","27","","","weak","weak","weak","weak","moderate","weak","weak","3.89","3.69","3.65","3.57","3.82","3.93","5.44","4.39","100","","",""
"120","","","","","","","","","","","","","","","","","","","","","","","","","","","","","","","","","","","","","","",""
"121","","7","1.06e-9","4.29e-10","1.95e-7","","3.75e-11","2.2","8.02","16.1","0.32","0.32","","0.64","2","17.9","38.2","59.6","","","weak","weak","weak","strong","weak","weak","weak","3.87","3.67","3.68","3.58","3.81","3.95","4.81","4.38","99.5","","",""
"122","","7","9.01e-10","6.01e-10","2.03e-7","","4.09e-11","2.1","7.32","14.4","2","8","","0.32","3","39.8","144","306","","","weak","weak","weak","weak","weak","weak","weak","3.84","3.7","3.67","3.61","3.81","3.95","4.85","4.36","97.9","","",""
"123","","7","1.33e-9","4.06e-10","2.06e-7","","3.68e-11","1.08","3.17","5.97","0.32","0.32","","0.32","0.96","18.2","117","349","","","weak","weak","weak","weak","weak","moderate","weak","3.88","3.71","3.67","3.58","3.84","3.94","5.14","4.37","97.6","","",""
"124","","7","9.46e-10","5.39e-10","1.67e-7","","3.76e-11","0.893","2.82","5.31","0.32","0.92","","0.16","0.16","18.2","34.6","50.2","","","weak","weak","weak","weak","weak","weak","weak","3.88","3.7","3.69","3.57","3.81","3.93","5.59","4.39","98.3","","",""
"125","","7","1.6e-9","4.99e-10","1.84e-7","","6.42e-11","2.02","6.44","12.1","1","1","","0.32","5","41.2","45.2","47.7","","","weak","weak","weak","strong","weak","moderate","weak","3.86","3.68","3.65","3.56","3.83","3.94","5.52","4.42","98.8","","",""
"126","","7","9.42e-10","3.95e-10","1.39e-7","","6.06e-11","2.02","6.34","11.9","0.35","1","","0.32","0.84","19.7","67.4","139","","","weak","weak","weak","moderate","weak","weak","weak","3.85","3.69","3.65","3.56","3.81","3.94","5.44","4.46","98.5","","",""
"127","IgG1","7","1.81e-9","9.03e-10","1.06e-7","","5.01e-11","2.77","10.8","23","1","2","","0.34","3","40.4","46","49.7","","","strong","moderate","weak","moderate","moderate","strong","moderate","5.96","5.95","5.57","5.96","5.64","4.28","5.77","5.88","98.6","","",""
"128","IgG1","7","3.6e-9","1.37e-9","1.19e-7","","7.74e-11","5.58","18.3","34.4","","","","","","74.1","109","137","","","strong","moderate","weak","weak","weak","strong","moderate","6.17","6.1","5.71","6.11","5.95","5.11","5.05","6.12","98.6","","",""
"129","","7","1.25e-9","6.49e-10","1.35e-7","","5.38e-11","1.98","7.46","15.9","0.32","1","","8","17","33.6","75.8","122","","","weak","weak","weak","moderate","weak","weak","weak","3.86","3.7","3.67","3.66","3.82","3.93","5.8","4.36","99.6","","",""
"130","","","","","","","","","","","0.32","0.32","","0.16","0.16","","","","","","","","","","","","","","","","","","","","","","","",""
"131","IgG","7","1.01e-9","3.78e-10","2.05e-9","9.09e-7","3.97e-10","13600","33500","55300","1550","9937","","","","25000","25000","25000","","","moderate","moderate","weak","weak","weak","strong","weak","6.15","6.09","5.66","6.01","3.82","3.94","4.85","6.17","14.6","","",""
"132","IgG","","9.83e-10","5.63e-10","","","2.18e-10","","","","25000","25000","","","","25000","25000","25000","","","moderate","moderate","moderate","moderate","moderate","weak","weak","5.84","5.85","5.25","5.67","3.83","3.93","4.82","5.87","2.5","","",""
"133","IgG","","7.08e-10","1.23e-9","","3.12e-8","1.12e-9","","","","25000","25000","","","","25000","25000","25000","","","moderate","moderate","strong","strong","weak","weak","moderate","6.21","6.19","5.91","6.18","3.86","3.93","4.81","6.24","5.5","","",""
"134","IgG","5","6.75e-10","3.5e-10","9e-8","","3.66e-11","48.2","161","317","16","48","","11","69","190","207","218","","","strong","strong","moderate","strong","weak","moderate","moderate","6.11","6.04","5.79","6.06","5.76","5.01","4.73","6.12","63.5","","",""
"135","IgG","","","","","","","","","","25000","25000","","","","25000","25000","25000","","","weak","weak","moderate","strong","weak","weak","weak","3.84","3.69","3.71","3.58","3.83","3.95","4.68","4.29","6.5","","",""
"136","IgG","2","6.68e-10","3.33e-10","9.86e-9","0.00000344","6.13e-9","77.7","231","427","36","81","","25000","25000","331","601","851","","","strong","moderate","moderate","strong","weak","moderate","moderate","6.24","6.24","5.95","6.19","5.62","5.61","4.88","6.32","99.5","","",""
"137","IgG","","1.84e-9","1.59e-9","","","1.15e-9","","","","25000","25000","","","","25000","25000","25000","","","moderate","weak","moderate","moderate","weak","weak","weak","6.08","6.07","5.72","6.02","3.81","3.93","4.74","6.11","","","",""
"138","IgG","","","","","5.28e-7","8.44e-10","312000","","","25000","25000","","","","25000","25000","25000","","","moderate","weak","moderate","strong","weak","weak","weak","5.85","5.82","5.48","5.49","3.82","3.94","4.64","5.61","","","",""
"139","IgG","7","6.64e-10","2.12e-9","4.46e-8","","2.17e-10","251000","","","25000","25000","","","","25000","25000","25000","","","moderate","weak","moderate","moderate","weak","weak","weak","6.14","6.2","5.73","6.13","3.84","3.94","4.69","6.15","63.9","","",""
"140","IgG","2","1.35e-10","7.66e-11","1.9e-7","","","181","621","1310","14","87","","25000","25000","2090","7800","16900","","","strong","moderate","moderate","strong","weak","strong","strong","6.08","6.1","5.71","5.99","5.35","5.37","4.75","6.06","100","","",""
"141","IgG","2","2.53e-10","1.3e-10","1.07e-7","","","2470","9640","19800","107","281","","","","1430","2430","3310","","","moderate","moderate","moderate","strong","weak","strong","strong","6.22","6.2","5.96","6.25","5.29","5.44","5.04","6.33","100","","",""
"142","IgG","2","2.92e-10","2.8e-10","1.65e-8","","6.08e-10","87.4","286","534","16","74","","25000","25000","306","550","776","","","strong","moderate","moderate","strong","weak","moderate","moderate","6.19","6.19","5.85","6.16","5.3","5.5","4.93","6.28","100","","",""
"143","IgG","1","3.82e-10","2.34e-10","5.91e-9","","","237","733","1660","8","36","","25000","25000","792","910","987","","","strong","moderate","weak","moderate","weak","moderate","moderate","6.17","6.2","5.91","6.14","5.67","5.33","5.04","6.37","100","","",""
"144","IgG1","5","2.45e-10","1.09e-10","1.03e-10","3.21e-7","1.21e-10","4.39","10.6","17.5","5","32","","12","74","160","254","332","","","strong","strong","weak","moderate","moderate","strong","strong","6.33","6.33","6","6.35","6.23","5.94","5.9","6.41","23.6","","",""
"145","IgG1","7","4.49e-10","1.5e-10","3.94e-8","","4.99e-11","12.6","52.6","114","10","38","","24","100","113","313","567","","","moderate","weak","moderate","weak","moderate","weak","weak","6.02","5.84","5.42","5.43","4.89","4","4.7","5.76","99.9","","",""
"146","IgG1","","7.91e-10","5.76e-10","","","4.9e-10","","","","25000","25000","","","","25000","25000","25000","","","moderate","moderate","moderate","moderate","weak","weak","weak","6.18","6.12","5.78","6.14","3.83","3.95","4.87","6.22","4.7","","",""
"147","IgG1","2","1.93e-11","2.02e-11","2.3e-9","0.00000165","1.83e-10","5.84","14.6","24","0.32","1","","3935","14040","10.8","12.5","13.6","","","strong","strong","moderate","strong","weak","moderate","moderate","6.29","6.29","5.98","6.31","4.63","5.67","5.43","6.37","100","|G485D","",""
"148","IgG1","2","2.98e-11","1.02e-11","1.85e-9","0.00000136","","3.82","10.2","17","0.32","2","","25000","25000","15.2","26.1","35.9","","","strong","strong","moderate","strong","weak","strong","strong","6.3","6.22","5.98","6.22","4.08","5.6","5.39","6.35","100","","",""
"149","IgG1","5","5.94e-11","6.81e-11","2.23e-8","","9.05e-12","95.6","244","401","12","38","","0.38","5","191","508","902","","","strong","strong","moderate","strong","weak","strong","moderate","6.33","6.28","6","6.33","5.75","5.81","5.47","6.39","100","A348E","",""
"150","IgG1","2","2.1e-9","7.7e-10","1.41e-7","","1.31e-9","331","981","1800","171","342","","","","244","529","832","","","strong","weak","moderate","strong","weak","weak","moderate","6.21","6.19","5.81","6.12","3.86","5.43","4.91","6.21","100","","",""
"151","IgG1","5","4.47e-10","6.79e-10","6.31e-9","0.00000291","1.85e-10","1310","4820","9330","1817","5352","","5398","19390","25000","25000","25000","","","moderate","moderate","weak","strong","weak","weak","weak","6.25","6.27","5.91","6.26","3.84","3.98","4.9","6.27","46.2","","",""
"152","IgG1","5","3.27e-10","1.37e-9","3.02e-9","0.00000182","3.65e-10","1750","7580","17000","3671","7621","","8896","22602","25000","25000","25000","","","moderate","moderate","weak","strong","weak","weak","weak","6.23","6.2","5.98","6.26","3.8","3.95","4.83","6.25","31.2","","",""
"153","IgG1","2","5.05e-10","1.44e-10","2.06e-9","6.02e-7","3.8e-10","28.8","87","157","15","32","","25000","25000","244","385","504","","","strong","moderate","weak","strong","weak","moderate","strong","6.28","6.3","6.01","6.29","5.19","5.77","5.16","6.34","99.4","|S459P","",""
"154","IgG1","","3.35e-10","2.9e-10","","","8.16e-11","328","807","1340","190","544","","","","18000","31000","42500","","","moderate","moderate","weak","strong","weak","weak","weak","6.08","6.06","5.78","6","3.81","4","4.8","6.06","2.4","","",""
"155","IgG1","2","3.38e-11","1.05e-10","8.42e-10","6.53e-7","8.4e-10","11.5","27.6","44.4","0.32","3","","25000","25000","64.6","106","141","","","strong","strong","weak","moderate","weak","strong","strong","6.29","6.23","6.02","6.32","5.04","5.7","5.63","6.36","99.9","F486E","",""
"156","IgG1","2","4.77e-11","3.15e-11","4.46e-10","2.19e-7","9.71e-10","23.1","60.8","103","2","9","","25000","25000","152","533","1110","","","strong","strong","weak","moderate","moderate","moderate","moderate","6.33","6.27","6.04","6.33","4.36","5.8","5.09","6.38","97.9","|N487T","",""
"157","IgG1","2","2.69e-10","6.43e-10","6.65e-9","0.00000232","8.5e-9","39.8","101","171","12","28","","25000","25000","307","471","605","","","strong","strong","moderate","weak","weak","moderate","moderate","6.29","6.23","5.98","6.24","4.76","5.65","4.95","6.31","98.2","|A675D","",""
"158","IgG1","2","8.27e-11","5.9e-11","1.59e-9","6.82e-7","2.74e-10","32.5","86.9","150","3","7","","25000","25000","322","596","853","","","strong","strong","moderate","strong","weak","moderate","strong","6.33","6.23","6.04","6.31","4.49","5.79","5.09","6.38","99.5","","",""
"159","IgG1","2","1.66e-10","2.23e-10","2.49e-8","","","78.1","223","399","11","39","","25000","25000","60.7","155","268","","","strong","moderate","moderate","weak","weak","moderate","moderate","6.3","6.21","6.03","6.3","4.64","5.8","5.05","6.38","100","|P491T","",""
"160","IgG1","2","3.77e-10","7.23e-10","1.47e-8","","2.66e-10","62.3","183","335","3","8","","1609","3371","1.7","2.66","3.46","","","strong","strong","moderate","strong","moderate","moderate","strong","6.29","6.18","6.01","6.2","5","5.7","5.05","6.38","99.6","|Y369H","",""
"161","IgG1","","2.33e-9","1.79e-9","","6.03e-7","","73.8","243","977","18","51","","25000","25000","224","573","991","","","strong","weak","moderate","moderate","weak","weak","weak","6.01","5.79","5.51","5.49","3.83","3.97","4.75","5.99","","","",""
"162","IgG1","6","1.59e-9","1.68e-9","1.91e-7","","2.19e-10","43100","108000","150000","","","","7435","16198","25000","25000","25000","","","moderate","weak","moderate","moderate","weak","weak","weak","6.22","6.13","5.85","6.18","3.84","3.96","4.91","6.27","96.8","","",""
"163","IgG1","2","7.57e-10","3.31e-10","1.62e-7","","8.4e-9","613","2450","5100","66","400","","25000","25000","4260","39300","144000","","","strong","weak","moderate","moderate","weak","moderate","moderate","6.23","6.17","5.92","6.2","4.54","5.74","4.96","6.31","100","","",""
"164","IgG1","2","1.72e-10","9.78e-11","2.25e-9","0.00000105","2.54e-8","45.1","132","240","10","32","","25000","25000","323","606","874","","","strong","moderate","moderate","strong","weak","strong","moderate","6.23","6.22","6","6.26","5.15","5.73","5.03","6.34","97","","",""
"165","IgG1","","1.01e-8","4.79e-9","","","7.61e-8","11100","32700","57800","7520","17286","","","","25000","25000","25000","","","moderate","weak","moderate","weak","weak","weak","weak","3.87","3.68","3.71","3.58","3.82","3.96","4.69","4.49","","","",""
"166","IgG1","5","1.76e-10","1.12e-10","8.26e-10","4.75e-7","8.99e-11","721","3990","9140","223","3222","","5894","14375","16800","37100","59000","","","moderate","moderate","moderate","moderate","weak","moderate","weak","6.31","6.22","5.98","6.27","3.83","4.02","4.93","6.33","32.2","","",""
"167","IgG1","2","1.68e-10","9.84e-11","1.87e-9","6.62e-7","3.82e-10","47","129","225","12","33","","25000","25000","591","688","752","","","strong","strong","weak","strong","weak","strong","strong","6.28","6.23","5.99","6.26","4.22","5.75","5.42","6.42","99.3","|N487T","",""
"168","IgG1","2","1.31e-10","2.46e-10","2.41e-8","","3.77e-10","57","211","392","10","36","","3695","11023","1430","2010","2450","","","strong","strong","moderate","weak","moderate","weak","moderate","6.29","6.17","6","6.23","4.73","5.73","4.97","6.17","100","N460D","",""
"169","IgG1","2","2.57e-10","2.22e-10","3.38e-8","","6.53e-10","90.8","304","588","17","72","","15670","25000","711","1530","2390","","","strong","strong","moderate","weak","moderate","weak","moderate","6.31","6.18","5.99","6.24","5.1","5.73","4.98","6.24","100","|D839G","",""
"170","IgG1","5","3.59e-10","7.48e-10","1.16e-9","6.6e-7","2.55e-10","1210","5480","11900","1001","3347","","1241","4183","23400","34000","42300","","","moderate","moderate","strong","moderate","weak","weak","moderate","6.26","6.16","5.93","6.24","3.87","4.02","5.1","6.3","17.4","","",""
"171","IgG1","","1.15e-10","9.29e-11","","","5.25e-11","42100","133000","184000","10399","25000","","","","25000","25000","25000","","","moderate","moderate","moderate","strong","weak","moderate","moderate","6.24","6.14","5.93","6.24","3.83","4.02","5.12","6.31","4.5","","",""
"172","IgG1","5","1.29e-10","3.11e-10","9.47e-9","0.00000257","2.3e-10","3110","18400","39700","2541","16021","","4507","18697","25000","25000","25000","","","moderate","weak","strong","weak","weak","weak","weak","6.27","6.17","6.01","6.27","3.81","3.95","4.96","6.29","33.9","","",""
"173","IgG1","","1.74e-9","7.61e-10","","8.45e-8","","","39800","201000","2","19","","25000","25000","113","286","492","","","strong","weak","moderate","moderate","weak","weak","moderate","6.2","6.06","5.85","6.08","3.86","5.1","5.02","6.2","","","",""
"174","IgG","","","","","","","","","","25000","25000","","","","25000","25000","25000","","","weak","weak","moderate","moderate","weak","weak","weak","3.84","3.68","3.69","3.59","3.84","3.95","4.71","4.35","8.3","","",""
"175","IgG","","","","","","","","","","25000","25000","","","","25000","25000","25000","","","weak","weak","strong","moderate","weak","moderate","weak","3.84","3.7","3.69","3.63","3.82","3.92","4.74","4.39","3.8","","",""
"176","IgG","","","","","","","","","","25000","25000","","","","25000","25000","25000","","","weak","weak","moderate","moderate","weak","weak","weak","3.85","3.69","3.7","3.57","3.81","3.95","4.62","4.3","6.7","","",""
"177","IgG","","","","","","","","","","25000","25000","","","","25000","25000","25000","","","weak","weak","moderate","moderate","weak","moderate","weak","3.86","3.7","3.71","3.57","3.84","3.93","4.7","4.4","11.2","","",""
"178","IgG","5","6.98e-10","5.1e-10","1.49e-7","","3.2e-10","21000","91100","166000","25000","25000","","25000","25000","25000","25000","25000","","","moderate","weak","moderate","moderate","weak","weak","weak","6.26","6.14","5.91","6.15","3.83","3.93","4.82","6.2","46.1","","",""
"179","IgG","2","4.7e-10","1.88e-10","2.24e-8","","1.85e-9","685","1950","3400","99","432","","24497","25000","194","467","781","","","strong","moderate","moderate","moderate","weak","weak","weak","6.27","6.08","6","6.19","4.29","5.4","5.06","6.21","100","|T470I","",""
"180","IgG","1","1.07e-9","5.92e-10","9.92e-7","","1.19e-10","772","5860","21800","19","134","","0.32","1","2380","24500","96000","","","moderate","moderate","weak","weak","weak","weak","weak","3.92","4.77","3.72","3.59","3.84","3.96","4.74","5.43","100","P1181L","",""
"181","IgG1","5","8.23e-11","3.23e-11","2.09e-9","0.0000015","2.72e-11","12.3","26.6","42.7","1","5","","1","4","49.8","87.4","121","","","strong","strong","moderate","moderate","moderate","moderate","moderate","6.36","6.32","5.99","6.35","6.23","5.87","6.62","6.39","72.4","","",""
"182","IgG1","2","9.44e-11","1.05e-10","1.9e-8","","","12.2","31","52.2","2","6","","25000","25000","58.8","99.7","136","","","strong","strong","moderate","strong","weak","moderate","moderate","6.25","6.21","5.96","6.26","6.16","5.88","5.7","6.32","100","","",""
"183","IgG","2","3.23e-11","1.71e-11","6.97e-9","1.66e-9","2.03e-11","50.2","137","229","12","35","","0.32","4","24.6","49.2","73.7","","","strong","strong","moderate","strong","strong","strong","strong","6.38","6.35","6.05","6.33","6.01","5.78","6.64","6.42","100","","",""
"184","IgG","","4.43e-11","2.02e-11","3.44e-8","","1.29e-11","43.9","197","540","4","16","","0.38","1","37.4","242","719","","","strong","moderate","moderate","moderate","weak","moderate","strong","6.32","6.25","5.9","6.31","5.89","5.71","5.21","6.34","100","","",""
"185","IgG","2","1.24e-11","1.12e-11","1.23e-8","","","4.41","12.2","23","1","4","","25000","25000","5.29","10","14.6","","","moderate","weak","moderate","moderate","weak","weak","weak","6.26","6.29","5.89","5.27","6.2","5.34","4.75","6.03","100","","",""
"186","IgG","1","3.43e-10","1.26e-10","6.1e-9","","","117","374","671","44","138","","25000","25000","63.5","149","244","","","strong","moderate","moderate","moderate","weak","moderate","strong","6.28","6.22","5.81","6.27","5.49","5.61","5.12","6.3","99","","",""
"187","IgG","","1.83e-10","6.74e-11","","5.4e-9","2.51e-8","","","","2","25","","25000","25000","69.2","239","493","","","strong","weak","moderate","weak","weak","moderate","moderate","6.12","6.04","5.69","5.95","5.72","5.31","4.9","6.09","19.8","","",""
"188","IgG","","1.39e-8","8.44e-9","","7.16e-7","2.01e-9","404","","","15","242","","25000","25000","340","1370","3080","","","weak","weak","moderate","weak","weak","weak","weak","3.84","3.69","3.66","3.59","3.81","3.93","4.81","4.35","19.4","","",""
"189","IgG","","2.87e-9","1.01e-9","","3.14e-7","","108","","","22","142","","25000","25000","25000","25000","25000","","","strong","weak","moderate","weak","weak","moderate","weak","5.94","5.68","5.3","5.26","5.9","4.53","4.75","5.5","3","|del141-144","",""
"190","IgG","","3.63e-9","1.55e-9","","4.07e-7","","158","","","","","","","","25000","25000","25000","","","weak","moderate","moderate","weak","weak","moderate","weak","5.56","5.26","4.86","3.94","5.52","3.96","4.78","5.18","3.8","","",""
"191","IgG","","1.42e-9","7.91e-10","","1.18e-7","","96.7","","","18","82","","25000","25000","24.8","50.6","76.8","","","moderate","weak","moderate","weak","weak","weak","weak","5.69","5.47","5.03","4.24","3.85","3.98","4.72","5.41","1.4","|del141-144","",""
"192","IgG","","3.29e-11","3.75e-11","9.02e-9","5.67e-9","2.37e-11","53.9","86.1","113","0.43","3","","7","30","9.22","25.3","45.6","","","strong","moderate","moderate","weak","weak","moderate","moderate","6.29","6.28","5.96","6.28","6.08","5.59","6.08","6.31","100","","",""
"193","IgG","","7.03e-11","1.94e-11","1.06e-8","4.54e-7","4.53e-11","68.3","117","163","4","11","","70","229","12.4","32.6","57.3","","","strong","strong","moderate","weak","moderate","moderate","moderate","6.26","6.19","5.99","6.21","6.09","5.7","5.38","6.25","100","|del140-142,V143F","",""
"194","IgG","","8.36e-11","4.91e-11","3.73e-8","7.01e-7","4.99e-11","47.2","83.4","117","2","17","","7","96","15.6","38.7","65.8","","","strong","moderate","moderate","moderate","weak","moderate","moderate","6.17","6.1","5.87","6.07","6.08","5.55","5.22","6.07","100","|del140-142,V143F","",""
"195","IgG","","2.61e-11","2.8e-11","8.64e-9","8.85e-7","1.32e-11","65.2","108","146","2","21","","632","2120","9.8","23.8","39.9","","","moderate","strong","moderate","strong","moderate","moderate","moderate","6.26","6.19","5.99","6.2","6.12","5.75","5.69","6.34","100","","",""
"196","IgG","","2.98e-10","1.61e-10","","5.51e-7","7.83e-11","85.1","162","237","14","67","","100","290","31.6","72.7","118","","","strong","strong","moderate","weak","weak","weak","weak","6.15","6.05","5.78","6.02","6.05","5.32","5.19","6.02","79.7","","",""
"197","IgG","","7.71e-11","3.51e-11","3.33e-8","7.33e-7","2.03e-11","29","66.1","104","3","21","","225","690","8.49","32.5","71.4","","","strong","moderate","moderate","strong","weak","strong","strong","6.22","6.15","5.81","6.14","6.1","5.52","5.15","6.09","93","","",""
"198","IgG","","4.14e-11","2.69e-11","3.33e-8","0.00000117","1.64e-11","61","130","198","7","39","","24","86","6.18","27.9","67.3","","","strong","moderate","moderate","strong","weak","moderate","moderate","6.21","6.14","5.89","6.12","6.09","5.25","4.94","6.13","100","","",""
"199","IgG","1","2.3e-10","1.42e-10","8.33e-9","3.59e-7","3.29e-10","73.4","165","257","29","122","","25000","25000","25.3","73.6","137","","","strong","strong","moderate","weak","weak","moderate","moderate","6.22","6.17","5.86","6.14","6.1","5.58","5.16","6.22","99","","",""
"200","IgG","2","5.6e-11","7.51e-11","4.61e-8","","9.41e-9","60.6","182","340","13","61","","25000","25000","27.1","91.9","188","","","moderate","moderate","weak","weak","weak","moderate","weak","6.17","6.07","5.72","5.18","4.53","3.75","4.86","5.43","100","","",""
"201","IgG","2","3.51e-11","1.78e-11","2.35e-9","7.13e-7","","9.49","25.4","44","0.32","0.32","","25000","25000","26.3","45.9","63.5","","","strong","moderate","strong","strong","weak","moderate","moderate","6.03","5.99","5.7","5.98","5.8","5.63","5.21","6.23","99.4","|F486I","",""
"202","IgG1","2","4.48e-10","2.34e-10","","","1.26e-10","741","2260","4380","477","2096","","","","6050","14700","24700","","","strong","weak","weak","weak","weak","strong","strong","6.28","6.12","5.98","6.19","5.84","5.06","4.93","6.25","100","","",""
"203","IgG1","2","2.4e-11","1.43e-11","3.72e-10","1.21e-7","3.03e-8","14.4","46.5","86.3","9","24","","25000","25000","6.73","14.5","22.7","","","strong","moderate","strong","moderate","weak","moderate","moderate","6.07","6.02","5.72","6","6.39","4.86","4.88","6.2","99.2","","",""
"204","IgG1","2","8.75e-11","3.75e-11","2.67e-10","2.48e-7","8.16e-8","31","79.4","131","4","10","","25000","25000","60.7","101","136","","","strong","strong","strong","moderate","moderate","moderate","moderate","6.03","5.97","5.66","5.96","6.45","5.22","5.01","6.2","97.8","","",""
"205","IgG1","2","1.34e-10","3.68e-11","1.67e-9","4.75e-7","","17.3","50.1","89.2","3","21","","25000","25000","16.6","46.4","84.6","","","strong","moderate","strong","strong","moderate","moderate","moderate","6","5.99","5.66","5.96","6.49","5.08","4.95","6.23","99","","",""
"206","IgG1","","1.01e-10","8.16e-11","","4.85e-8","","","","","1","4","","25000","25000","2.18","5.35","9.04","","","moderate","weak","moderate","moderate","weak","moderate","moderate","6.03","5.98","5.68","5.94","6.37","4.72","4.92","6.12","","","",""
"207","IgG1","","1.3e-9","5.66e-10","","4.16e-7","1.45e-7","76.2","","","14","33","","25000","25000","19.3","52.6","94.6","","","moderate","weak","moderate","weak","weak","moderate","moderate","5.82","5.81","5.47","5.51","5.64","4.82","5.26","5.56","11.8","","",""
"208","IgG1","2","5.22e-11","2.65e-11","5.08e-9","0.00000137","2.47e-11","62.6","94.8","126","77","147","","25000","25000","83.4","201","338","","","strong","weak","moderate","strong","weak","moderate","weak","6.05","6.01","5.71","5.99","4.63","4.58","4.82","6.2","100","","",""
"209","IgG1","","","","","","","","","","25000","25000","","","","25000","25000","25000","","","weak","weak","weak","weak","weak","moderate","moderate","3.29","3.1","2.99","2.77","3.68","4.76","5.31","4.34","32.7","","",""
"210","IgG","","3.21e-9","1.37e-9","","2.86e-7","","156","","","209","2382","","","","38.2","130","265","","","moderate","weak","moderate","weak","weak","weak","weak","5.65","5.63","5.23","5.33","5.49","4.81","5.26","5.54","4.7","","",""
"211","IgG1","2","8.99e-12","7.69e-12","2.01e-10","1.02e-7","","5.16","10.5","15.9","0.5","2","","","","4.54","5.64","6.41","","","strong","strong","moderate","moderate","weak","moderate","weak","6.16","6.05","5.76","5.98","6.42","4.23","4.97","6.15","99.6","","",""
"212","IgG1","7","3.67e-11","1.72e-11","6.3e-10","3.17e-7","2.04e-11","71","152","241","30","100","","17","49","74.4","109","136","","","moderate","strong","strong","moderate","weak","moderate","weak","6.1","6.01","5.71","5.98","4.93","4.96","5.07","6.17","96.6","N440D","",""
"213","IgG1","3","3.64e-11","1.72e-11","6.74e-11","8.74e-8","2.74e-11","28.4","89.8","160","11","32","","21","61","79.7","125","162","","","strong","moderate","strong","strong","weak","moderate","moderate","6.09","6.01","5.71","5.95","4.82","5.2","5.22","6.05","98","G504D","",""
"214","IgG1","6","1.24e-10","4.4e-11","7.1e-11","0.00000294","3.93e-11","338","945","1220","158","512","","147","435","856","1850","2910","","","moderate","moderate","strong","strong","weak","moderate","moderate","6.09","5.99","5.72","5.95","4.7","4.94","5.12","6.06","95.5","","",""
"215","IgG1","4","3.24e-11","1.12e-11","9.05e-10","6.19e-7","","20.7","61.5","111","1","6","","25000","25000","38.9","94.2","158","","","strong","weak","strong","strong","weak","moderate","moderate","6.07","6","5.71","5.97","5.09","4.72","4.86","6.2","96.1","","",""
"216","IgG1","","","","","","3.85e-9","3560","8730","14300","671","2075","","","","25000","25000","25000","","","moderate","strong","moderate","strong","moderate","moderate","moderate","5.84","5.77","5.5","5.71","4","4.84","5.19","5.68","23.7","","",""
"217","IgG1","","","","","","4.46e-10","636","1350","1990","35","520","","864","2489","3840","5970","7740","","","strong","moderate","strong","strong","strong","strong","strong","5.96","5.91","5.62","5.88","4.59","5.03","5.06","5.93","77.6","","",""
"218","IgG1","","","","","","6.07e-10","300","603","796","58","193","","437","744","4540","6520","8060","","","strong","strong","strong","strong","moderate","strong","strong","6.05","6","5.7","6.09","5.38","5.11","4.85","6.17","96.5","","",""
"219","IgG1","","","","","","","","","","25000","25000","","","","25000","25000","25000","","","weak","weak","weak","weak","weak","moderate","weak","3.37","3.11","3.01","2.75","3.65","4.71","5.31","4.34","2.5","","",""
"220","IgG1","","4.27e-10","1.84e-10","","1.89e-11","1.47e-10","65300","274000","","25000","25000","","","","25000","25000","25000","","","moderate","weak","moderate","moderate","weak","moderate","moderate","6","5.95","5.62","5.86","4.41","4.93","5.2","5.92","0.1","","",""
"221","IgG1","","1.55e-9","9.17e-10","","3.55e-8","","150","","","91","361","","25000","25000","194","780","1760","","","moderate","weak","moderate","moderate","weak","moderate","moderate","5.85","5.87","5.5","5.63","3.9","4.79","5.21","5.64","1.1","","",""
"222","IgG1","","4.44e-11","5.09e-11","","5.94e-10","","","","","91","25000","","25000","25000","25000","25000","25000","","","moderate","weak","weak","weak","weak","weak","weak","5.97","5.94","5.62","5.73","3.89","4.61","5.15","5.65","0.9","","",""
"223","IgG1","","9.54e-11","4.71e-11","","1.27e-9","3.28e-9","39.4","","","15","67","","25000","25000","180","354","526","","","moderate","moderate","moderate","strong","weak","moderate","moderate","6.1","6","5.71","5.95","4.79","4.48","4.93","6.12","8.6","","",""
"224","IgG1","","3.5e-10","2.16e-10","","4.78e-10","2.31e-10","48300","234000","814000","25000","25000","","","","25000","25000","25000","","","moderate","moderate","moderate","strong","weak","moderate","moderate","6.05","5.95","5.67","5.86","4.46","4.94","5.23","5.93","4","","",""
"225","IgG1","","6.49e-10","4.69e-10","","","3.42e-10","","","","25000","25000","","","","25000","25000","25000","","","moderate","strong","moderate","strong","weak","moderate","moderate","6.05","5.97","5.67","5.82","4.08","4.78","5.21","5.77","3.7","","",""
"226","IgG1","","7.87e-11","1.07e-10","","1.27e-9","","","","","15652","25000","","","","25000","25000","25000","","","moderate","moderate","weak","weak","weak","moderate","moderate","6.01","5.96","5.67","5.82","4.04","4.68","5.15","5.83","1.8","","",""
"227","IgG1","","5.42e-10","2.68e-10","","","2.78e-10","","","","25000","25000","","","","25000","25000","25000","","","moderate","moderate","moderate","moderate","weak","moderate","weak","6.03","5.97","5.68","5.92","4.53","4.65","5.04","5.99","4.8","","",""
"228","IgG1","","4.92e-10","2.92e-10","","","2.37e-10","","","","25000","25000","","","","25000","25000","25000","","","moderate","strong","moderate","strong","weak","moderate","moderate","6.01","5.96","5.65","5.81","4.08","4.71","5.2","5.77","0.9","","",""
"229","IgG1","","2.99e-10","2.18e-10","5.73e-10","","1.57e-10","","","","25000","25000","","","","25000","25000","25000","","","moderate","moderate","weak","weak","weak","moderate","moderate","5.98","5.94","5.66","5.91","4.53","4.56","4.94","6.01","0.7","","",""
"230","IgG1","5","3.72e-10","2.35e-10","5.29e-10","3.8e-7","2.42e-10","2940","14300","31400","5541","19055","","3543","11203","14200","36800","64300","","","moderate","weak","moderate","moderate","weak","moderate","weak","5.99","5.96","5.65","5.88","4.16","4.66","5.1","5.9","18.8","","",""
"231","IgG1","2","3.81e-11","8.55e-12","1.57e-10","5.37e-8","6.64e-12","9.1","24.9","42.5","0.32","0.71","","0.32","0.32","7.39","14.2","20.9","","","strong","weak","strong","strong","moderate","moderate","strong","5.97","6","5.66","5.88","4.77","4.4","4.82","6.15","99.1","","",""
"232","IgG1","5","2.31e-10","1.67e-10","1.58e-9","4.12e-7","1.57e-10","109","280","469","148","523","","498","2160","755","1890","3230","","","strong","moderate","strong","strong","moderate","moderate","moderate","6","5.96","5.63","5.83","4.4","4.38","4.98","5.91","21.3","","",""
"233","IgG1","","1.6e-9","5.29e-10","","","2.13e-9","","","","25000","25000","","","","25000","25000","25000","","","strong","weak","moderate","weak","weak","moderate","moderate","5.84","5.82","5.51","5.76","4.13","4.66","5.08","5.84","0.8","","",""
"234","IgG1","1","1.54e-9","3.64e-10","3.08e-8","","3.35e-10","222","658","1190","319","1442","","","","1180","1900","2510","","","strong","weak","moderate","weak","weak","moderate","moderate","5.78","5.85","5.48","5.67","3.48","4.05","4.88","5.69","38.5","","",""
"235","IgG1","","2.13e-11","1.13e-11","2.56e-10","1.19e-7","1.36e-11","5.68","16","27.7","6","20","","2","9","15","23.3","30.1","","","moderate","moderate","strong","strong","moderate","moderate","weak","6.11","6.02","5.72","5.97","4.95","4.61","4.98","6.06","97.4","","",""
"236","IgG1","","1.74e-11","9.31e-12","4.43e-11","3.09e-8","7.9e-12","9.59","28.9","51.3","","","","0.32","0.32","16.8","22.7","27","","","strong","strong","strong","strong","strong","moderate","moderate","6.15","6.07","5.74","6.02","5.3","4.55","4.78","6.02","99.2","","",""
"237","IgG1","","8.49e-11","4.34e-11","1.05e-10","3.2e-8","1.38e-10","37.2","98.7","165","7","93","","982","2985","180","354","526","","","moderate","strong","moderate","moderate","weak","moderate","moderate","6.09","6.01","5.7","5.94","4.76","4.65","4.91","6.09","97.2","","",""
"238","IgG1","4","1.43e-10","1.33e-10","8.73e-10","3.87e-7","9.57e-11","260","810","1450","518","2418","","","","3540","14200","32000","","","","","","","","","","","","","","","","","","32.3","","",""
"239","IgG1","2","1.41e-10","3.65e-11","7.74e-9","0.00000385","5.67e-11","54.8","149","264","25","85","","4","23","303","564","811","","","","","","","","","","","","","","","","","","98.3","","",""
"240","IgG","","","","","","","111000","230000","349000","3885","12310","","","","","","","","","moderate","moderate","weak","moderate","weak","weak","moderate","4.07","3.88","3.78","5.2","3.08","4.41","5.02","5.52","","","",""
"241","IgG1","7","4.75e-11","4.72e-11","","6.59e-7","3.11e-11","32.1","113","199","1","7","","8","35","70.6","105","133","","","weak","weak","moderate","strong","weak","weak","weak","3.92","3.68","3.76","3.42","4.16","4.58","5.03","3.91","","|S371F","",""
"242","IgG1","7","7.15e-11","6.52e-11","","4.91e-7","2.75e-11","32.9","111","195","1","13","","101","172","63.5","116","164","","","weak","weak","weak","moderate","weak","weak","weak","3.94","3.68","3.8","3.4","4.24","4.58","5","3.98","","|del374-376,P384L","",""
"243","IgG1","7","9.88e-11","9.08e-11","","0.00000161","3.75e-11","13.8","42.9","76.3","8","22","","26","79","66.2","92.7","113","","","moderate","moderate","weak","weak","weak","weak","weak","3.91","3.69","3.76","5.11","4.22","4.56","5.05","3.96","","|S375F,N703S","",""
"244","IgG1","7","9.49e-11","8.81e-11","","0.00000114","8.39e-11","42.3","103","167","","","","234","566","69.5","100","124","","","weak","moderate","weak","moderate","weak","weak","weak","3.93","4.23","3.79","3.42","5.09","4.72","5.02","5.24","","|S371F","",""
"245","IgG1","","3.21e-10","2.28e-10","","1.06e-8","1.92e-10","31.8","","","1","8","","12141","25000","2270","15800","49300","","","moderate","moderate","weak","moderate","weak","weak","weak","6.37","6.18","5.96","6.18","5.62","4.78","5.13","6.31","","","",""
"246","IgG1","","4.78e-10","5.22e-10","","7.83e-9","7.49e-11","31.1","92.7","271","19","39","","12","33","128","195","250","","","strong","strong","moderate","strong","weak","weak","weak","5.45","5.2","4.96","4.84","3.11","4.63","5.05","5.82","","|del141-144","",""
"247","IgG1","","1.03e-8","7.68e-9","","3.22e-7","","78.3","","","12","29","","25000","25000","131","324","551","","","moderate","moderate","weak","moderate","weak","weak","weak","5.71","5.59","5.25","5.32","3.18","4.73","5","6","","del141-144","",""
"248","IgG1","","1.74e-9","4.51e-9","","1.06e-7","","","","","63","804","","25000","25000","1240","2320","3340","","","weak","moderate","weak","strong","weak","moderate","moderate","5.32","5.4","5.13","5.22","4.3","4.64","5.09","5.07","","T67I","",""
"249","IgG1","2","7.19e-11","2.43e-11","","","2.86e-8","48.9","123","236","10","258","","25000","25000","1950","3080","4010","","","strong","moderate","moderate","strong","weak","weak","weak","6.14","6.08","5.85","6.05","4.64","4.78","5","6.22","","N1023Y","",""
"250","IgG1","6","2.19e-10","1.13e-10","","3.21e-7","5.84e-11","1090","3450","6370","131","2160","","557","1664","1690","2750","3650","","","moderate","moderate","moderate","strong","weak","moderate","moderate","6.03","6.34","5.87","6.05","5.15","4.83","5.08","6.02","","","",""
"251","IgG1","5","1.64e-10","1.38e-10","","6.44e-8","6.18e-11","104","250","412","17","391","","34","102","340","693","1050","","","strong","strong","moderate","moderate","weak","weak","weak","6.3","6.25","5.89","6.17","4.91","4.9","5.16","6.27","","","",""
"252","IgG1","2","4.06e-10","1.14e-10","","","1.05e-8","123","305","619","64","150","","476","856","289","686","1140","","","strong","moderate","strong","moderate","weak","weak","moderate","6.27","6.22","6.01","6.14","4.83","4.8","5.05","6.25","","","",""
"253","IgG1","","1.06e-9","8.58e-10","","2.7e-8","","22.6","77.1","171","","","","","","172","561","1120","","","moderate","weak","moderate","moderate","weak","weak","weak","6.39","6.22","5.98","6.23","5.3","4.66","5.09","6.31","","|del141","",""
"254","IgG1","","2.4e-11","1.3e-11","","7.93e-9","3.79e-10","21.4","","","0.32","3","","22","71","17.1","44.5","77.9","","","strong","moderate","moderate","moderate","weak","moderate","moderate","6.46","6.14","6.01","6.19","5.14","4.78","4.94","6.33","","","",""
"255","IgG1","","2.49e-11","2.01e-11","","8.17e-9","","","","","0.32","1","","287","827","15.4","75.6","192","","","strong","weak","moderate","weak","weak","weak","moderate","6.47","6.33","6.04","6.23","5.26","4.93","5.64","6.32","","|del141","",""
"256","IgG1","","4.49e-11","3.33e-11","","5.64e-9","","","","","1","3","","25000","25000","6.38","12.9","19.6","","","strong","weak","moderate","weak","weak","weak","weak","6.49","6.31","6.07","6.3","5.4","4.99","5.22","6.32","","del241-247","",""
"257","IgG1","","2.24e-11","1.62e-11","","2.19e-9","1.48e-10","30.3","","","1","3","","1334","4193","5.79","16.6","30.7","","","strong","moderate","moderate","weak","weak","moderate","moderate","6.5","6.17","6.06","6.19","5.43","4.77","5.05","6.35","","","",""
"258","IgG1","","1.29e-11","1.37e-11","","1.24e-8","4.7e-10","118","","","0.32","1","","25000","25000","13.3","59.8","144","","","moderate","weak","weak","moderate","weak","weak","moderate","6.45","6","5.91","6","5.03","4.75","5.07","6.3","","","",""
"259","IgG1","1","3.38e-11","2.13e-11","","0.0000011","","24.5","71.3","130","2","9","","25000","25000","57.4","98.9","136","","","strong","moderate","moderate","moderate","weak","moderate","moderate","6.31","6.32","5.91","6.19","5.16","4.92","5.1","6.25","","|del375-377,P384L","",""
"260","IgG1","2","1.59e-11","1.07e-11","","5.87e-8","1.15e-8","11.7","31.1","53.7","0.32","2","","25000","25000","18.3","26.4","32.7","","","strong","strong","moderate","moderate","weak","weak","weak","6.36","6.54","6.24","6.66","5.67","4.69","5.06","6.22","","|Y449D","",""
"261","IgG1","5","2.23e-10","3.57e-10","","2.08e-7","1.34e-10","","","","449","2465","","905","3490","5080","9280","13200","","","strong","moderate","moderate","strong","weak","moderate","moderate","6.23","6.24","5.92","5.99","4.61","4.74","5.13","6.14","","","",""
"262","IgG1","4","2.65e-10","8.49e-11","","0.00000423","","","","","39","185","","25000","25000","2650","3110","3420","","","strong","weak","moderate","strong","weak","weak","moderate","6.41","6.61","6.17","6.55","5.47","4.97","5.09","6.27","","","",""
"263","IgG1","7","3.58e-10","2.16e-10","","1.07e-7","1.14e-10","1180","3800","5200","232","683","","","","7470","25600","52600","","","","","","","","","","","","","","","","","","","","",""
"264","IgG1","","6.2e-11","4.42e-11","","4.77e-8","6.67e-10","","","","0.32","2","","13913","25000","5.3","15.4","28.8","","","moderate","weak","moderate","weak","weak","strong","strong","6.4","6.12","5.87","5.85","4.88","4.6","5.01","6.32","","","",""
"265","IgG1","2","3.68e-11","2.43e-11","","0.0000011","4.76e-10","12.2","41.7","80.8","0.32","4","","12587","25000","18.5","32.1","44.5","","","strong","strong","strong","weak","weak","strong","strong","6.28","6.28","5.82","6.19","4.93","4.71","4.93","6.18","","|E484A","",""
"266","IgG1","2","8.43e-11","8.04e-11","","0.0000018","4.48e-10","18.7","60.6","116","2","10","","","","44.7","91.6","139","","","strong","strong","strong","weak","weak","moderate","moderate","6.3","6.43","5.92","6.31","5.04","4.83","5.19","6.22","","","",""
"267","IgG1","2","5.28e-11","9.65e-11","","0.00000174","7.31e-9","16.3","45.6","81","1","4","","","","21.3","82.7","183","","","moderate","moderate","moderate","strong","weak","moderate","moderate","6.11","5.79","5.28","5.58","4.53","4.58","5.11","6","","|S371F","",""
"268","IgG1","4","3.71e-11","2.06e-11","","0.0000019","3.13e-11","9.28","23.2","38","10","25","","","","21.9","31.3","38.5","","","moderate","weak","moderate","weak","weak","moderate","moderate","5.12","5.35","3.87","3.66","6","4.65","4.88","5.71","","|R444K","",""
"269","IgG1","2","2.03e-11","1.43e-11","","0.00000532","1.35e-11","51.5","151","282","11","26","","0.32","14","28.2","81.9","153","","","weak","weak","moderate","weak","weak","moderate","moderate","5.38","5.89","4.82","4.66","6.11","4.69","5.12","5.94","","F486I","",""
"270","IgG1","","9.77e-12","","","","1e-9","","","","1","3","","25000","25000","21.6","51","84.4","","","strong","strong","moderate","moderate","weak","moderate","moderate","6.22","6.1","6.12","6.48","5.84","5.3","5.38","6.16","","","",""
"271","IgG1","","1.7e-11","","","","1.51e-10","","","","3","16","","1624","3879","105","150","186","","","strong","strong","strong","strong","weak","moderate","moderate","6.2","6.09","6.08","6.49","5.5","5.28","5.37","6.14","","","",""
"272","IgG1","","5.9e-11","","","","4.63e-10","","","","40","116","","24668","25000","718","1620","2610","","","strong","moderate","moderate","moderate","weak","moderate","moderate","6.08","6.01","5.66","6.38","5.42","5.21","5.31","6.05","","","",""
"273","IgG1","","9.88e-11","","","","6.93e-11","","","","4","15","","9","24","126","219","303","","","moderate","weak","weak","moderate","weak","weak","weak","4.77","6.02","4.09","4.42","4.49","3.72","4.79","5.91","","","",""
"274","IgG1","","8.54e-11","","","","6.57e-11","","","","4","13","","9","29","94.8","162","222","","","moderate","weak","weak","moderate","weak","weak","weak","4.75","6.04","4.14","4.3","4.6","3.57","4.86","5.89","","","",""
"275","IgG2b","","","","","","1.34e-11","","","","3","6","","1","4","48.1","67.9","83","","","moderate","moderate","moderate","moderate","moderate","weak","weak","5.94","6.09","6.44","4.07","5.49","5.35","5.38","6.13","","","",""
"276","IgG2b","","","","","","1.31e-11","","","","18","40","","0.32","2","57","91.3","120","","","moderate","moderate","moderate","strong","moderate","weak","weak","5.98","6.17","6.8","4.02","5.57","5.33","5.39","6.12","","","",""
"277","IgG2a","","","","","","9.6e-10","","","","2","6","","25000","25000","57.9","91.3","119","","","moderate","moderate","strong","strong","weak","weak","weak","6.21","3.34","5.64","3.88","3.75","5.36","5.38","4.05","","","",""
"278","IgG1","","","","","","1.77e-11","","","","5","16","","2","20","89.1","160","226","","","moderate","weak","strong","strong","weak","weak","weak","6.24","3.4","4.77","3.88","3.76","5.4","5.39","4.05","","","",""
"279","IgG1","","","","","","2.32e-11","","","","4","13","","1","5","49.3","125","215","","","moderate","weak","moderate","strong","weak","weak","weak","6.22","3.47","4.85","3.87","3.75","5.37","5.39","4.18","","","",""
"280","IgG1","","","","","","1.44e-10","","","","10","28","","5","20","56.3","111","165","","","moderate","weak","moderate","strong","weak","weak","weak","6.21","3.54","4.64","3.88","3.75","5.36","5.35","4.13","","","",""
"281","IgG2b","","","","","","3.72e-11","","","","70","141","","9","105","172","449","788","","","weak","strong","moderate","strong","moderate","weak","weak","5.96","6.13","6.95","4.22","5.22","5.41","5.38","6.12","","","",""
"282","IgG1","","","","","","7.85e-9","","","","7","58","","25000","25000","53.9","139","242","","","moderate","weak","moderate","weak","weak","weak","weak","6.22","3.73","4.84","3.94","3.78","5.38","5.39","4.61","","","",""
"283","IgG2a","","","","","","7.79e-11","","","","80","167","","360","710","182","646","1350","","","moderate","strong","moderate","moderate","weak","weak","weak","5.62","6.05","5.19","3.86","3.75","5.28","5.39","6.13","","","",""
"284","IgG2a","","","","","","8.18e-11","","","","37","116","","121","459","265","491","703","","","moderate","strong","moderate","moderate","weak","weak","weak","6.03","6.1","5.46","3.82","3.75","5.28","5.38","6.12","","","",""
"285","IgG2a","","","","","","1.14e-10","","","","18","38","","15","38","145","393","706","","","moderate","strong","moderate","strong","moderate","weak","moderate","6.13","6.13","6.38","4.02","3.78","5.25","5.38","6.13","","","",""
"286","IgG2a","","","","","","9.19e-11","","","","144","482","","","","4360","8250","12000","","","strong","moderate","moderate","moderate","weak","weak","weak","6.08","6.14","5.8","3.87","3.79","5.27","5.39","6.14","","","",""
"287","IgG2a","","","","","","1.31e-10","","","","121","333","","","","3720","10800","20200","","","strong","strong","moderate","moderate","weak","weak","moderate","5.98","6.08","5.12","3.9","3.83","5.18","5.37","6.12","","","",""
"288","IgG1","","3.08e-11","","","","1.98e-11","","","","17","63","","3","16","40","498","2170","","","strong","weak","moderate","strong","weak","moderate","moderate","6.03","5.97","5.39","6.46","6.36","4.65","5.21","6.11","","","",""
"289","IgG1","","3.56e-11","","","","1.82e-11","","","","0.63","2","","0.32","2","17.1","62.5","133","","","moderate","moderate","moderate","moderate","weak","weak","weak","5.66","6.11","4.62","6.24","6.41","5.06","5.33","6.19","","","",""
"290","IgG1","","2.49e-11","","","","1.63e-11","","","","1","3","","0.32","0.81","19.7","41.3","63.8","","","strong","strong","strong","strong","weak","moderate","weak","6.2","6.1","6.15","6.45","5.6","5.28","5.37","6.14","","","",""
"291","IgG1","","3.67e-11","","","","2.4e-11","","","","0.32","1","","0.32","0.51","19.3","48.4","82.9","","","strong","moderate","moderate","strong","moderate","moderate","moderate","6.17","6.1","6.23","6.46","5.69","5.25","5.38","6.15","","","",""
"292","IgG1","","1.9e-11","","","","2.6e-11","","","","1","3","","3","18","22.7","47.8","74","","","strong","weak","moderate","moderate","weak","weak","weak","6.14","6.08","6.45","6.46","5.76","5.33","5.37","6.13","","","",""
"293","IgG1","","1.8e-11","","","","5.76e-11","","","","0.32","0.44","","6","34","61.7","97.3","127","","","strong","moderate","moderate","strong","moderate","moderate","weak","6.08","6.08","5.83","6.37","5.85","5.24","5.34","6.13","","","",""
"294","IgG1","","4.9e-11","","","","1.36e-10","","","","0.32","7","","31","108","107","202","293","","","weak","weak","weak","moderate","weak","weak","weak","3.07","3.39","4.12","3.91","3.72","3.04","4.02","3.89","","","",""
"295","IgG1","","4.85e-11","","","","2.66e-11","","","","3","7","","0.32","3","149","332","529","","","moderate","strong","strong","strong","moderate","weak","moderate","6.19","6.11","6.54","6.48","5.84","5.38","5.39","6.19","","","",""
"296","IgG1","","1.99e-10","","","","3.68e-10","","","","21","45","","883","2607","307","488","640","","","moderate","moderate","strong","weak","weak","moderate","weak","6.1","6.09","5.71","6.44","5.06","5.24","5.35","6.13","","","",""
"297","IgG1","","1.33e-10","","","","1.88e-10","","","","3","10","","88","362","301","529","736","","","strong","strong","strong","weak","weak","weak","weak","6.1","6.08","5.81","6.41","5.28","5.2","5.35","6.12","","","",""
"298","IgG1","","6.48e-10","","","","1.66e-10","","","","266","589","","","","7.3","18.4","31.5","","","strong","moderate","strong","weak","moderate","weak","weak","6.17","6.11","5.59","6.41","5.26","5.26","5.37","6.19","","","",""
"299","IgG1","","9.55e-11","","","","3.84e-11","","","","16","34","","2","15","16.7","25.6","33","","","strong","moderate","strong","weak","weak","weak","weak","6.11","6.05","5.47","6.39","5.16","5.23","5.35","6.12","","","",""
"300","IgG1","","6.25e-11","","","","6.06e-9","","","","0.32","0.32","","25000","25000","259","410","535","","","strong","moderate","strong","weak","moderate","moderate","weak","6.19","6.09","6.17","6.47","5.75","5.25","5.34","6.14","","","",""
"301","IgG1","","8.45e-11","","","","6.78e-10","","","","5","21","","0.32","5","208","660","1300","","","strong","moderate","strong","weak","weak","weak","weak","6.05","6.08","6.34","6.43","5.52","5.29","5.35","6.14","","","",""
"302","IgG1","","4.99e-11","","","","4.55e-11","","","","23","82","","29","111","528","967","1380","","","strong","moderate","strong","moderate","weak","weak","weak","5.93","5.97","5.05","6.27","4.76","5.07","5.26","6.05","","","",""
"303","IgG1","","3.75e-9","","","","1.37e-9","","","","8853","25000","","","","25000","25000","25000","","","moderate","weak","weak","moderate","weak","weak","weak","4.85","5.36","4.08","4.32","3.76","3.73","4.42","5.59","","","",""
"304","IgG1","","2.37e-10","","","","2.32e-10","","","","42","461","","25000","25000","2400","25900","104000","","","weak","weak","weak","moderate","weak","weak","moderate","3.1","3.37","4.11","3.84","3.7","3.03","4.06","3.94","","","",""
"305","IgG1","","3.38e-9","","","","1.69e-9","","","","25000","25000","","","","25000","25000","25000","","","weak","weak","weak","weak","weak","weak","moderate","3.11","3.46","4.17","3.87","3.71","3.02","4.03","4.73","","","",""
"306","IgG1","","1.01e-9","","","","3.83e-8","","","","1593","3256","","","","25000","25000","25000","","","weak","weak","weak","weak","weak","moderate","moderate","3.08","3.45","4.14","3.84","3.69","3.02","4.07","3.86","","","",""
"307","IgG1","","","","","","8.95e-12","","","","0.32","3","","0.32","1","33.4","51","65.3","","","strong","strong","strong","weak","weak","moderate","moderate","6.19","6.09","6","6.47","5.79","5.29","5.38","6.14","","","",""
"308","IgG1","","","","","","1.56e-11","","","","0.32","0.32","","4","27","29.8","42.3","52","","","moderate","strong","moderate","weak","weak","moderate","moderate","6.19","6.11","6.23","6.49","5.77","5.31","5.39","6.16","","","",""
"309","IgG1","","","","","","1.18e-10","","","","0.32","7","","683","1928","73.6","127","174","","","moderate","weak","moderate","weak","weak","strong","strong","6.14","6.07","5.02","6.4","4.63","5.04","5.34","6.13","","","",""
"310","IgG1","","","","","","1.21e-11","","","","0.32","0.32","","0.32","5","33.1","42.9","49.9","","","moderate","moderate","strong","weak","moderate","strong","strong","6.16","6.11","6.44","6.45","5.46","5.18","5.37","6.19","","","",""
"311","IgG1","","","","","","1.76e-11","","","","0.32","2","","14","61","18.3","25.4","30.8","","","moderate","moderate","strong","weak","moderate","strong","strong","6.18","6.1","5.95","6.43","5.52","5.24","5.37","6.24","","","",""
"312","IgG1","","","","","","2.09e-11","","","","0.32","0.32","","0.32","0.32","11","12.7","13.8","","","moderate","moderate","moderate","moderate","moderate","strong","strong","6.12","6.09","6.18","6.46","5.55","5.31","5.37","6.15","","","",""
"313","IgG1","","","","","","2.83e-11","","","","0.32","0.32","","0.32","0.32","9.58","11","11.9","","","strong","moderate","moderate","strong","moderate","strong","strong","6.17","6.11","6.34","6.47","5.7","5.37","5.38","6.17","","","",""
"314","IgG1","","","","","","5.7e-11","","","","0.32","3","","0.32","5","47.7","55.5","60.7","","","moderate","weak","weak","strong","moderate","moderate","moderate","5.91","6.01","4.68","6.14","4.04","5.04","5.29","6.09","","","",""
"315","IgG1","","","","","","4.89e-11","","","","0.32","0.32","","0.32","3","32.7","50.3","64.7","","","moderate","moderate","weak","weak","moderate","weak","weak","5.76","5.94","4.15","6.03","3.86","4.62","5.08","6.03","","","",""
"316","IgG1","","","","","","8.85e-11","","","","0.32","0.32","","2","4","15.6","29.1","41.9","","","moderate","moderate","weak","strong","moderate","moderate","moderate","5.74","5.91","4.11","6.02","3.77","4.49","5.01","5.98","","","",""
"317","IgG1","","","","","","7.21e-11","","","","0.32","0.32","","0.32","4","27.8","44","57.4","","","moderate","weak","weak","moderate","weak","moderate","moderate","4.72","5.68","4.09","3.95","3.75","3.07","4.16","5.92","","","",""
"318","IgG1","","","","","","2.11e-10","","","","42","120","","48","120","718","1220","1660","","","moderate","moderate","moderate","weak","weak","moderate","moderate","5.69","5.95","4.11","6.32","3.74","4.23","4.97","6.04","","","",""
"319","IgG1","","","","","","5.39e-11","","","","4","21","","11","32","327","442","527","","","strong","moderate","weak","weak","weak","strong","strong","5.85","5.92","4.16","6.28","3.81","4.07","4.98","6","","","",""
"320","IgG1","","","","","","1.13e-10","","","","1","16","","15","29","54.6","65.8","73.3","","","strong","moderate","moderate","weak","weak","strong","strong","5.99","6","4.9","6.32","4.28","5.02","5.32","6.07","","","",""
"321","IgG1","","","","","","9.51e-11","","","","3","11","","16","34","55.2","87.8","115","","","moderate","weak","weak","weak","weak","moderate","moderate","5.39","5.84","4.14","4.55","3.85","3.72","4.74","6.05","","","",""
"322","IgG1","","","","","","4.5e-11","","","","13","47","","19","69","71.1","113","148","","","moderate","moderate","weak","weak","weak","moderate","moderate","5.54","5.89","4.18","4.53","3.83","3.87","4.8","6.06","","","",""
"323","IgG1","","","","","","2.41e-11","","","","41","253","","1","6","733","2660","5660","","","moderate","moderate","moderate","moderate","weak","moderate","moderate","6.31","6.2","5.84","6.2","5.27","5.41","5.43","6.23","","","",""
"324","IgG1","","","","","","1.78e-10","","","","10448","19929","","","","25000","25000","25000","","","moderate","moderate","weak","moderate","weak","weak","weak","6.14","6.1","5.14","6.01","4.61","5.22","5.36","6.13","","","",""
"325","IgG1","","","","","","2.51e-10","","","","203","1423","","","","4450","7630","10500","","","moderate","moderate","weak","strong","weak","weak","moderate","6.16","6.08","5.73","6.07","5.05","5.27","5.38","6.12","","","",""
"326","IgG1","","","","","","5.96e-10","","","","12","71","","1816","4617","1210","1790","2260","","","moderate","weak","moderate","moderate","weak","moderate","strong","6.19","6.13","5.61","6.06","5.15","5.35","5.42","6.19","","","",""
"327","IgG1","","","","","","1.15e-9","","","","25000","25000","","","","25000","25000","25000","","","moderate","moderate","weak","moderate","weak","strong","weak","6.02","6.07","5.79","5.85","3.9","4.98","5.31","6.14","","","",""
"328","IgG1","","","","","","7.06e-10","","","","25000","25000","","","","25000","25000","25000","","","moderate","weak","weak","moderate","weak","weak","weak","6.16","6.13","4.83","5.99","4.19","5.29","5.37","6.19","","","",""
"329","IgG1","","","","","","4.45e-9","","","","25000","25000","","","","25000","25000","25000","","","moderate","weak","weak","weak","weak","weak","moderate","4.79","4.96","4.36","4.1","3.78","3.71","4.44","5.35","","","",""
"330","IgG1","","","","","","1.49e-9","","","","25000","25000","","","","25000","25000","25000","","","weak","moderate","weak","weak","weak","weak","moderate","5.56","5.9","4.37","5.36","3.79","4.64","5.12","6.01","","","",""
"331","IgG1","","","","","","4.4e-11","","","","16","44","","8","22","88.1","132","168","","","strong","moderate","moderate","weak","weak","weak","weak","6.29","6.16","5.55","6.19","5.14","5.37","5.41","6.21","","","",""
"332","IgG1","","","","","","3.26e-11","","","","1","3","","0.32","2","17.5","37.5","58.5","","","strong","moderate","moderate","weak","weak","weak","moderate","6.27","6.19","5.62","6.21","5.53","5.39","5.43","6.23","","","",""
"333","IgG1","","","","","","1.52e-11","","","","0.32","0.32","","0.32","0.32","11.2","13.2","14.6","","","strong","moderate","strong","moderate","weak","weak","moderate","6.37","6.22","5.99","6.27","5.64","5.39","5.45","6.24","","","",""
"334","IgG1","","","","","","8.67e-12","","","","0.32","","","0.32","0.32","24.2","38.3","50.1","","","strong","strong","strong","moderate","weak","weak","moderate","6.3","6.19","6.17","6.22","5.6","5.38","5.43","6.23","","","",""
"335","IgG1","","","","","","1.78e-11","","","","0.32","1","","0.32","0.32","62.9","141","227","","","strong","moderate","moderate","moderate","weak","moderate","moderate","6.3","6.23","6.33","6.27","5.7","5.39","5.45","6.24","","","",""
"336","IgG1","","","","","","1.04e-11","","","","0.32","1","","0.32","1","21.6","35.3","47.1","","","strong","moderate","strong","moderate","weak","moderate","moderate","6.33","6.21","6.21","6.24","5.81","5.45","5.45","6.25","","","",""
"337","IgG1","","","","","","1.23e-11","","","","0.32","0.32","","0.32","0.32","69.4","116","157","","","strong","moderate","moderate","moderate","weak","weak","weak","6.33","6.21","6.49","6.27","5.75","5.41","5.45","6.24","","","",""
"338","IgG1","","","","","","4.37e-11","","","","0.32","9","","12","63","92","651","2050","","","strong","weak","strong","strong","weak","weak","weak","6.27","6.18","5.75","6.08","5.53","5.44","5.43","6.24","","","",""
"339","IgG1","","","","","","","","","","25000","25000","","","","25000","25000","25000","","","weak","weak","moderate","moderate","weak","strong","strong","4.17","4.13","4.41","3.76","3.8","3.67","5.3","4.66","","","",""
"340","IgG1","","","","","","","","","","23910","25000","","","","25000","25000","25000","","","weak","weak","moderate","strong","weak","strong","strong","4.23","4.1","4.53","3.75","3.78","3.64","4.4","4.56","","","",""
"341","IgG1","","","","","","","","","","18581","25000","","","","25000","25000","25000","","","weak","weak","moderate","moderate","weak","moderate","moderate","4.31","4.35","4.3","3.76","3.78","3.64","4.4","4.78","","","",""
"342","IgG1","","","","","","","","","","25000","25000","","","","25000","25000","25000","","","weak","weak","weak","moderate","weak","moderate","moderate","4.04","3.92","4.33","3.71","3.8","3.63","4.4","4.44","","","",""
"343","IgG1","","","","","","","","","","25000","25000","","","","25000","25000","25000","","","weak","weak","weak","weak","weak","weak","weak","4.04","3.92","4.36","3.73","3.8","3.57","4.37","4.38","","","",""
"344","IgG1","","","","","","","","","","25000","25000","","","","25000","25000","25000","","","weak","moderate","weak","weak","weak","weak","moderate","4.05","3.86","4.33","3.75","3.79","3.59","4.39","4.31","","","",""
"345","IgG1","","","","","","2.1e-8","","","","0.32","0.32","","25000","25000","82.6","236","438","","","strong","weak","weak","moderate","weak","weak","moderate","6.24","6.13","5.47","6.15","5.4","5.18","5.4","6.17","","","",""
"346","IgG1","","","","","","","","","","","","","","","25000","25000","25000","","","","","","","","","","","","","","","","","","","","",""
"347","IgG1","","","","","","","","","","","","","","","25000","25000","25000","","","","","","","","","","","","","","","","","","","","",""
"348","IgG1","","","","","","","","","","","","","","","","","","","","","","","","","","","","","","","","","","","","","",""
"349","IgG1","","","","","","","","","","1","5","","25000","25000","142","345","582","","","moderate","moderate","weak","moderate","weak","weak","moderate","5.95","5.92","4.55","5.75","4.19","4.84","5.22","6.01","","","",""
"350","IgG1","","","","","","","","","","20","88","","9099","18089","342","2090","6040","","","moderate","strong","moderate","moderate","weak","weak","moderate","5.32","5.61","4.34","4.71","3.92","3.87","4.62","5.77","","","",""
"351","IgG1","","","","","","","","","","0.32","0.32","","","","45.4","52.9","57.8","","","strong","moderate","strong","weak","weak","weak","weak","6.33","6.2","6.5","6.28","5.77","5.45","5.46","6.25","","","",""
"352","IgG1","","","","","","","","","","0.32","0.32","","","","84","157","227","","","","","","","","","","","","","","","","","","","","",""
"353","IgG1","","","","","","","","","","0.32","0.32","","","","181","206","222","","","strong","strong","moderate","moderate","weak","weak","weak","6.26","6.2","6.24","6.14","5.75","5.45","5.45","6.24","","","",""
"354","IgG","","","","","","1.13e-11","","","","0.32","1","","","","73.6","98.1","116","","","strong","moderate","strong","moderate","weak","strong","weak","6.28","6.19","5.65","6.17","5.4","5.42","5.46","6.25","","","",""
"355","IgG1","","","","","","","","","","","","","","","38.5","75","111","","","","","","","","","","","","","","","","","","","","",""
"356","IgG1","","","","","","","","","","","","","","","90.6","216","359","","","","","","","","","","","","","","","","","","","","",""
"357","IgG1","","","","","","","","","","","","","","","163","641","1430","","","","","","","","","","","","","","","","","","","","",""
"358","IgG1","","","","","","","","","","","","","","","25000","25000","25000","","","","","","","","","","","","","","","","","","","","",""
"359","IgG1","","","","","","","","","","","","","","","68.8","134","197","","","","","","","","","","","","","","","","","","","","",""
"360","IgG1","","","","","","","","","","","","","","","67.6","142","219","","","","","","","","","","","","","","","","","","","","",""
"361","IgG1","","","","","","","","","","","","","","","57.6","180","350","","","","","","","","","","","","","","","","","","","","",""
"362","IgG1","","","","","","","","","","","","","","","35.1","64.3","91.8","","","","","","","","","","","","","","","","","","","","",""
"363","IgG1","","","","","","","","","","","","","","","25000","25000","25000","","","","","","","","","","","","","","","","","","","","",""
"364","IgG1","","","","","","","","","","","","","","","280","750","1330","","","","","","","","","","","","","","","","","","","","",""
"365","IgG1","","","","","","","","","","","","","","","26.9","74.6","136","","","","","","","","","","","","","","","","","","","","",""
"366","IgG1","","","","","","","","","","","","","","","1240","1890","2420","","","","","","","","","","","","","","","","","","","","",""
"367","IgG1","","","","","","","","","","","","","","","346","1220","2540","","","","","","","","","","","","","","","","","","","","",""
"368","IgG1","","","","","","","","","","","","","","","34.9","63.3","89.8","","","","","","","","","","","","","","","","","","","","",""
"369","IgG1","","","","","","","","","","","","","","","1480","2470","3340","","","","","","","","","","","","","","","","","","","","",""
"370","IgG1","","","","","","","","","","","","","","","13.3","15.6","17","","","","","","","","","","","","","","","","","","","","",""
"371","IgG1","","","","","","","","","","","","","","","16.4","23.2","28.3","","","","","","","","","","","","","","","","","","","","",""
"CC12.3","None","","","","","","","","","","","","","5035","16232","","","","","","","","","","","","","","","","","","","","","","","",""
"untreated uninfected control","None","","","","","","","","","","","","","","","","","","","","","","","","","","","","","","","","","","","","","",""
"mock-treated PBS-control","None","","","","","","","","","","","","","","","","","","","","","","","","","","","","","","","","","","","","","",""
"CR3022","None","","","","","","","","","","","","","","","","","","","","moderate","weak","weak","moderate","weak","strong","strong","5.99","6.11","4.78","5.73","3.94","5.12","5.3","6.16","","","",""
"KZ52","None","","","","","","","","","","","","","","","","","","","","weak","moderate","weak","strong","weak","weak","weak","4.06","3.84","4.38","3.7","3.78","3.59","4.4","4.29","","","",""
"negative plasma","None","","","","","","","","","","","","","","","","","","","","weak","moderate","weak","weak","strong","weak","weak","4.01","3.79","4.33","3.7","3.76","3.58","4.33","4.2","","","",""
"CC12.14","None","","","","","","","","","","","","","1299","4989","","","","","","","","","","","","","","","","","","","","","","","",""